28.10.2015,5264,5369,5264,5369
27.10.2015,5376,5376,5293,5300
26.10.2015,5396,5407,5396,5407
23.10.2015,5440,5442,5440,5442
22.10.2015,5337,5386,5326,5373
21.10.2015,5390,5390,5338,5338
20.10.2015,5402,5402,5367,5402
19.10.2015,5386,5403,5386,5395
16.10.2015,5412,5446,5380,5389
15.10.2015,5358,5388,5357,5357
14.10.2015,5226,5300,5226,5283
13.10.2015,5308,5308,5226,5267
12.10.2015,5550,5550,5360,5360
09.10.2015,5568,5570,5515,5525
08.10.2015,5504,5510,5478,5510
07.10.2015,5496,5532,5489,5491
06.10.2015,5428,5483,5415,5438
05.10.2015,5230,5394,5230,5386
02.10.2015,5180,5241,5135,5209
01.10.2015,5119,5139,5073,5113
30.09.2015,4971,5044,4971,5043
29.09.2015,4939,4947,4893,4893
28.09.2015,5036,5036,4972,4973
25.09.2015,5015,5065,5015,5065
24.09.2015,5004,5043,4954,4954
23.09.2015,5004,5052,5004,5037
22.09.2015,5120,5120,4995,4999
21.09.2015,5064,5135,5064,5120
18.09.2015,5028,5092,5019,5040
17.09.2015,5068,5123,5066,5123
16.09.2015,5089,5111,5085,5101
15.09.2015,4985,5028,4956,5028
14.09.2015,5055,5055,4984,5000
11.09.2015,5039,5039,5013,5030
10.09.2015,5019,5056,4979,5041
09.09.2015,5125,5125,5065,5065
08.09.2015,5083,5108,5064,5064
07.09.2015,5062,5062,5011,5012
04.09.2015,5113,5113,5048,5050
03.09.2015,5120,5162,5080,5160
02.09.2015,5135,5145,5073,5086
01.09.2015,5148,5162,5090,5104
31.08.2015,5201,5246,5200,5219
28.08.2015,5265,5285,5248,5269
27.08.2015,5266,5310,5265,5310
26.08.2015,5105,5275,5105,5165
25.08.2015,5018,5226,5018,5225
24.08.2015,5055,5109,4872,4983
21.08.2015,5384,5387,5296,5297
20.08.2015,5450,5460,5420,5420
19.08.2015,5543,5543,5501,5501
18.08.2015,5594,5602,5594,5602
17.08.2015,5570,5597,5558,5596
14.08.2015,5615,5615,5562,5562
13.08.2015,5525,5553,5505,5544
12.08.2015,5425,5484,5425,5442
11.08.2015,5584,5589,5518,5518
10.08.2015,5601,5601,5550,5595
07.08.2015,5600,5625,5593,5600
06.08.2015,5733,5733,5623,5625
05.08.2015,5725,5749,5725,5743
04.08.2015,5701,5701,5697,5697
03.08.2015,5692,5750,5674,5750
31.07.2015,5730,5730,5700,5700
30.07.2015,5745,5760,5705,5705
29.07.2015,5657,5693,5654,5691
28.07.2015,5649,5686,5645,5645
27.07.2015,5729,5749,5675,5675
24.07.2015,5825,5830,5807,5808
23.07.2015,5833,5837,5830,5830
22.07.2015,5801,5824,5801,5821
21.07.2015,5845,5845,5813,5813
20.07.2015,5905,5922,5854,5854
17.07.2015,5865,5874,5854,5856
16.07.2015,5879,5898,5873,5884
15.07.2015,5772,5796,5768,5795
14.07.2015,5784,5784,5713,5753
13.07.2015,5705,5838,5705,5765
10.07.2015,5659,5716,5624,5700
09.07.2015,5351,5510,5351,5499
08.07.2015,5265,5328,5265,5310
07.07.2015,5364,5400,5243,5243
06.07.2015,5432,5484,5336,5380
03.07.2015,5568,5573,5520,5573
02.07.2015,5625,5639,5606,5606
01.07.2015,5550,5665,5515,5610
30.06.2015,5500,5575,5424,5559
29.06.2015,5470,5606,5470,5527
26.06.2015,5785,5850,5785,5825
25.06.2015,5780,5875,5780,5825
24.06.2015,5922,5922,5814,5835
23.06.2015,5812,5908,5788,5908
22.06.2015,5710,5753,5674,5753
19.06.2015,5600,5685,5600,5635
18.06.2015,5525,5584,5513,5579
17.06.2015,5607,5640,5575,5589
16.06.2015,5535,5646,5504,5646
15.06.2015,5680,5685,5620,5620
12.06.2015,5812,5812,5716,5769
11.06.2015,5828,5906,5828,5838
10.06.2015,5660,5777,5660,5777
09.06.2015,5620,5635,5556,5635
08.06.2015,5797,5797,5659,5659
05.06.2015,5862,5862,5803,5807
04.06.2015,5916,5916,5858,5865
03.06.2015,5897,5965,5897,5953
02.06.2015,5852,5909,5830,5890
01.06.2015,5892,5895,5830,5839
29.05.2015,5899,5920,5855,5855
28.05.2015,5916,5951,5916,5926
27.05.2015,5889,5940,5850,5925
26.05.2015,5899,5935,5847,5849
25.05.2015,6050,6050,5959,5959
22.05.2015,6077,6078,6050,6069
21.05.2015,6079,6079,6050,6057
20.05.2015,6073,6090,6063,6071
19.05.2015,6093,6122,6093,6100
18.05.2015,6083,6083,6035,6068
15.05.2015,6142,6142,6086,6086
14.05.2015,6099,6126,6087,6126
13.05.2015,6139,6153,6103,6103
12.05.2015,6018,6051,6005,6050
11.05.2015,6062,6066,6051,6051
08.05.2015,5935,6032,5930,6032
07.05.2015,5888,5888,5831,5884
06.05.2015,5928,5958,5894,5934
05.05.2015,6080,6103,5945,5945
04.05.2015,5953,6110,5953,6075
30.04.2015,5948,5968,5902,5968
29.04.2015,5963,5963,5865,5887
28.04.2015,5965,5990,5928,5952
27.04.2015,5893,5995,5852,5990
24.04.2015,5865,5933,5846,5909
23.04.2015,5896,5896,5821,5840
22.04.2015,5936,5936,5842,5871
21.04.2015,6003,6003,5899,5940
20.04.2015,5904,5926,5877,5880
17.04.2015,5952,5955,5868,5871
16.04.2015,6125,6125,6017,6017
15.04.2015,6116,6187,6114,6144
14.04.2015,6178,6213,6082,6089
13.04.2015,6162,6173,6155,6170
10.04.2015,6193,6199,6162,6172
09.04.2015,6094,6197,6094,6175
08.04.2015,6057,6096,6028,6078
07.04.2015,5980,6014,5951,5967
02.04.2015,5879,5879,5879,5879
01.04.2015,5874,5902,5866,5885
31.03.2015,5903,5909,5815,5819
30.03.2015,5886,5890,5867,5890
27.03.2015,5835,5878,5825,5878
26.03.2015,5857,5857,5770,5828
25.03.2015,5942,5947,5871,5884
24.03.2015,5835,5950,5835,5947
23.03.2015,5830,5849,5814,5848
20.03.2015,5909,5966,5901,5966
19.03.2015,5850,5886,5847,5856
18.03.2015,5740,5800,5734,5793
17.03.2015,5800,5800,5727,5766
16.03.2015,5763,5800,5757,5786
13.03.2015,5748,5767,5716,5730
12.03.2015,5691,5710,5665,5708
11.03.2015,5619,5677,5615,5677
10.03.2015,5666,5675,5536,5562
09.03.2015,5649,5694,5649,5685
06.03.2015,5654,5698,5649,5677
05.03.2015,5558,5647,5527,5633
04.03.2015,5576,5589,5532,5535
03.03.2015,5694,5699,5636,5644
02.03.2015,5692,5698,5638,5638
27.02.2015,5652,5696,5638,5688
26.02.2015,5567,5661,5567,5647
25.02.2015,5573,5591,5550,5570
24.02.2015,5501,5595,5497,5580
23.02.2015,5471,5484,5471,5482
20.02.2015,5465,5477,5445,5445
19.02.2015,5450,5464,5436,5436
18.02.2015,5441,5485,5441,5471
17.02.2015,5354,5406,5343,5406
16.02.2015,5360,5360,5345,5352
13.02.2015,5297,5359,5297,5342
12.02.2015,5154,5264,5154,5261
11.02.2015,5212,5212,5152,5156
10.02.2015,5220,5253,5217,5225
09.02.2015,5210,5285,5210,5223
06.02.2015,5286,5289,5264,5268
05.02.2015,5220,5261,5204,5240
04.02.2015,5336,5336,5244,5263
03.02.2015,5250,5309,5250,5298
02.02.2015,5180,5220,5133,5220
30.01.2015,5207,5207,5139,5141
29.01.2015,5175,5213,5120,5185
28.01.2015,5307,5307,5196,5197
27.01.2015,5363,5363,5260,5281
26.01.2015,5259,5379,5231,5360
23.01.2015,5346,5346,5300,5300
22.01.2015,5208,5272,5149,5272
21.01.2015,5033,5150,5033,5150
20.01.2015,5071,5096,5035,5039
19.01.2015,5029,5059,5004,5059
16.01.2015,4941,5018,4933,5018
15.01.2015,4967,4980,4922,4959
14.01.2015,4905,4976,4866,4917
13.01.2015,4693,4830,4686,4826
12.01.2015,4685,4685,4685,4685
09.01.2015,4755,4793,4648,4668
08.01.2015,4735,4747,4735,4742
07.01.2015,4644,4681,4611,4611
06.01.2015,4700,4705,4646,4670
05.01.2015,4855,4891,4715,4727
02.01.2015,4839,4857,4809,4857
31.12.2014,4816,4816,4809,4809
30.12.2014,4887,4887,4794,4811
29.12.2014,4910,4910,4849,4877
23.12.2014,4928,4965,4928,4964
22.12.2014,4952,4957,4873,4873
19.12.2014,4925,4941,4898,4905
18.12.2014,4836,4918,4802,4918
17.12.2014,4704,4750,4704,4735
16.12.2014,4684,4777,4627,4777
15.12.2014,4835,4890,4691,4691
12.12.2014,4881,4886,4812,4832
11.12.2014,5005,5005,4926,4927
10.12.2014,5077,5077,4973,4980
09.12.2014,5108,5129,5069,5078
08.12.2014,5252,5252,5207,5211
05.12.2014,5262,5284,5255,5266
04.12.2014,5226,5249,5162,5162
03.12.2014,5198,5210,5198,5210
02.12.2014,5147,5201,5147,5166
01.12.2014,5087,5108,5044,5108
28.11.2014,5275,5275,5176,5183
27.11.2014,5306,5335,5277,5302
26.11.2014,5340,5340,5315,5315
25.11.2014,5381,5381,5332,5332
24.11.2014,5336,5360,5336,5346
21.11.2014,5237,5335,5237,5331
20.11.2014,5202,5202,5156,5197
19.11.2014,5198,5245,5198,5219
18.11.2014,5217,5227,5216,5216
17.11.2014,5136,5170,5125,5170
14.11.2014,5138,5158,5124,5158
13.11.2014,5212,5231,5150,5151
12.11.2014,5220,5220,5101,5105
11.11.2014,5275,5275,5275,5275
10.11.2014,5168,5234,5168,5222
07.11.2014,5172,5175,5118,5149
06.11.2014,5145,5235,5139,5180
05.11.2014,5087,5172,5087,5147
04.11.2014,5205,5205,5062,5062
03.11.2014,5230,5265,5218,5218
31.10.2014,5170,5220,5160,5220
30.10.2014,5190,5190,5020,5126
29.10.2014,5270,5289,5196,5205
28.10.2014,5195,5253,5182,5253
27.10.2014,5235,5237,5111,5111
24.10.2014,5183,5201,5165,5183
23.10.2014,5135,5241,5135,5233
22.10.2014,5204,5211,5143,5174
21.10.2014,5079,5178,5079,5178
20.10.2014,5036,5038,4934,5033
17.10.2014,4978,5055,4978,5045
16.10.2014,5136,5137,4864,4934
15.10.2014,5219,5219,5061,5095
14.10.2014,5232,5259,5175,5214
13.10.2014,5286,5286,5227,5228
10.10.2014,5150,5253,5087,5230
09.10.2014,5429,5443,5273,5292
08.10.2014,5420,5461,5385,5404
07.10.2014,5566,5566,5483,5492
06.10.2014,5636,5654,5546,5582
03.10.2014,5548,5574,5528,5574
02.10.2014,5618,5649,5571,5571
01.10.2014,5735,5735,5685,5693
30.09.2014,5734,5776,5726,5726
29.09.2014,5746,5757,5700,5710
26.09.2014,5695,5724,5692,5715
25.09.2014,5803,5803,5709,5709
24.09.2014,5782,5783,5750,5761
23.09.2014,5881,5881,5810,5813
22.09.2014,5916,5921,5903,5920
19.09.2014,5955,5955,5911,5943
18.09.2014,5890,5935,5890,5905
17.09.2014,5883,5894,5854,5857
16.09.2014,5817,5826,5751,5826
15.09.2014,5824,5849,5820,5820
12.09.2014,5902,5902,5882,5888
11.09.2014,5908,5912,5899,5912
10.09.2014,5910,5945,5882,5926
09.09.2014,6009,6009,5919,5920
08.09.2014,6065,6065,6019,6023
05.09.2014,6032,6059,6032,6059
04.09.2014,6014,6053,5998,6051
03.09.2014,5906,5953,5906,5943
02.09.2014,5892,5893,5876,5883
01.09.2014,5959,5959,5903,5903
29.08.2014,5907,5946,5875,5930
28.08.2014,6011,6011,5884,5894
27.08.2014,5899,5982,5899,5982
26.08.2014,5770,5858,5770,5835
25.08.2014,5723,5756,5723,5748
22.08.2014,5738,5738,5690,5690
21.08.2014,5686,5732,5686,5732
20.08.2014,5699,5699,5670,5692
19.08.2014,5694,5720,5656,5720
18.08.2014,5605,5668,5586,5658
15.08.2014,5520,5574,5519,5538
14.08.2014,5466,5538,5456,5503
13.08.2014,5401,5446,5401,5444
12.08.2014,5339,5380,5329,5334
11.08.2014,5340,5406,5340,5370
08.08.2014,5350,5383,5245,5330
07.08.2014,5324,5453,5305,5387
06.08.2014,5665,5668,5499,5500
05.08.2014,5833,5840,5775,5775
04.08.2014,5729,5909,5723,5835
01.08.2014,5960,5960,5774,5788
31.07.2014,6121,6121,5891,5960
30.07.2014,6308,6308,6173,6173
29.07.2014,6465,6465,6401,6405
28.07.2014,6440,6463,6440,6453
25.07.2014,6475,6530,6435,6455
24.07.2014,6437,6465,6420,6458
23.07.2014,6322,6380,6322,6380
22.07.2014,6220,6280,6206,6280
21.07.2014,6187,6189,6137,6179
18.07.2014,6124,6162,6124,6160
17.07.2014,6150,6223,6150,6223
16.07.2014,6110,6290,6110,6255
15.07.2014,6174,6182,6068,6125
14.07.2014,6202,6202,6148,6154
11.07.2014,6120,6261,6120,6131
10.07.2014,6320,6320,6078,6102
09.07.2014,6421,6463,6342,6345
08.07.2014,6655,6661,6498,6500
07.07.2014,6851,6852,6690,6698
04.07.2014,6820,6824,6774,6820
03.07.2014,6847,6913,6845,6845
02.07.2014,6845,6883,6738,6791
01.07.2014,6828,6865,6721,6855
30.06.2014,6855,6868,6785,6785
27.06.2014,6940,6940,6833,6833
26.06.2014,6960,6990,6941,6946
25.06.2014,6905,7010,6905,6974
24.06.2014,6981,6981,6906,6908
23.06.2014,7075,7075,6984,7021
19.06.2014,7218,7236,7167,7196
18.06.2014,7201,7201,7161,7161
17.06.2014,7205,7205,7188,7200
16.06.2014,7224,7226,7187,7199
13.06.2014,7238,7238,7215,7215
12.06.2014,7310,7370,7236,7260
11.06.2014,7469,7469,7324,7324
10.06.2014,7385,7455,7365,7450
09.06.2014,7365,7365,7349,7349
06.06.2014,7297,7343,7297,7343
05.06.2014,7182,7281,7175,7247
04.06.2014,7148,7152,7119,7150
03.06.2014,7146,7146,7108,7130
02.06.2014,7190,7190,7154,7154
30.05.2014,7089,7143,7089,7143
29.05.2014,7095,7099,7042,7046
28.05.2014,7180,7180,7120,7140
27.05.2014,6988,7048,6988,7038
26.05.2014,6890,6982,6890,6964
23.05.2014,6844,6844,6826,6826
22.05.2014,6812,6814,6784,6790
21.05.2014,6760,6830,6760,6788
20.05.2014,6856,6875,6828,6830
19.05.2014,6871,6919,6784,6850
16.05.2014,6661,6828,6622,6807
15.05.2014,6906,7020,6744,6784
14.05.2014,7130,7130,6982,6982
13.05.2014,7290,7290,7192,7224
12.05.2014,7194,7286,7184,7263
09.05.2014,7345,7345,7164,7199
08.05.2014,7328,7360,7264,7326
07.05.2014,7383,7389,7307,7308
06.05.2014,7457,7465,7420,7450
05.05.2014,7408,7412,7338,7412
02.05.2014,7320,7373,7308,7372
30.04.2014,7288,7325,7270,7304
29.04.2014,7250,7305,7235,7270
28.04.2014,7186,7246,7170,7210
25.04.2014,7250,7257,7184,7209
24.04.2014,7340,7363,7260,7280
23.04.2014,7410,7410,7317,7320
22.04.2014,7264,7396,7264,7382
17.04.2014,7180,7272,7180,7272
16.04.2014,7090,7180,7090,7180
15.04.2014,7145,7180,7056,7056
14.04.2014,7165,7195,7042,7195
11.04.2014,7223,7282,7160,7208
10.04.2014,7385,7386,7265,7265
09.04.2014,7376,7410,7350,7355
08.04.2014,7456,7456,7305,7339
07.04.2014,7474,7510,7450,7460
04.04.2014,7560,7560,7505,7552
03.04.2014,7560,7570,7505,7563
02.04.2014,7625,7634,7530,7534
01.04.2014,7485,7590,7485,7580
31.03.2014,7438,7472,7394,7467
28.03.2014,7361,7450,7360,7450
27.03.2014,7352,7360,7326,7360
26.03.2014,7340,7382,7340,7374
25.03.2014,7278,7310,7240,7305
24.03.2014,7363,7364,7245,7245
21.03.2014,7510,7510,7457,7470
20.03.2014,7470,7482,7406,7466
19.03.2014,7468,7542,7468,7515
18.03.2014,7477,7552,7470,7490
17.03.2014,7400,7455,7380,7447
14.03.2014,7318,7320,7127,7316
13.03.2014,7548,7548,7350,7350
12.03.2014,7575,7608,7508,7526
11.03.2014,7620,7654,7616,7625
10.03.2014,7500,7590,7500,7532
07.03.2014,7506,7513,7486,7508
06.03.2014,7482,7562,7480,7510
05.03.2014,7437,7440,7383,7415
04.03.2014,7287,7365,7287,7362
03.03.2014,7240,7295,7181,7200
28.02.2014,7298,7360,7294,7360
27.02.2014,7214,7300,7210,7296
26.02.2014,7290,7290,7204,7264
25.02.2014,7305,7327,7294,7321
24.02.2014,7257,7294,7241,7285
21.02.2014,7185,7210,7174,7206
20.02.2014,7125,7168,7097,7168
19.02.2014,7195,7229,7157,7224
18.02.2014,7286,7299,7230,7244
17.02.2014,7176,7267,7174,7267
14.02.2014,7070,7130,7046,7130
13.02.2014,7002,7018,6966,7018
12.02.2014,7044,7044,6996,7010
11.02.2014,6984,7000,6964,6967
10.02.2014,6954,6958,6886,6913
07.02.2014,6926,6958,6918,6945
06.02.2014,6786,6892,6786,6890
05.02.2014,6723,6723,6700,6700
04.02.2014,6603,6700,6603,6700
03.02.2014,6690,6690,6605,6605
31.01.2014,6700,6710,6635,6710
30.01.2014,6759,6786,6756,6770
29.01.2014,6904,6904,6725,6730
28.01.2014,6740,6810,6740,6789
27.01.2014,6729,6729,6705,6720
24.01.2014,6782,6810,6699,6769
23.01.2014,6915,6929,6858,6858
22.01.2014,7045,7045,6841,6841
21.01.2014,7135,7135,7065,7077
20.01.2014,7120,7120,7104,7104
17.01.2014,7060,7124,7060,7124
16.01.2014,7114,7150,7101,7115
15.01.2014,7134,7145,7121,7135
14.01.2014,7056,7070,7015,7054
13.01.2014,7134,7165,7130,7155
10.01.2014,7080,7122,7074,7085
09.01.2014,7091,7100,7091,7100
08.01.2014,7028,7061,7015,7047
07.01.2014,6834,6967,6834,6967
06.01.2014,6807,6807,6776,6782
03.01.2014,6675,6778,6665,6778
02.01.2014,6563,6629,6563,6629
31.12.2013,6527,6527,6492,6492
30.12.2013,6598,6600,6542,6560
27.12.2013,6663,6663,6635,6645
24.12.2013,6640,6640,6640,6640
23.12.2013,6565,6625,6561,6592
20.12.2013,6486,6492,6485,6486
19.12.2013,6455,6455,6434,6434
18.12.2013,6404,6405,6395,6404
17.12.2013,6368,6385,6360,6365
13.12.2013,6362,6362,6362,6362
12.12.2013,6408,6408,6405,6405
11.12.2013,6481,6495,6445,6452
10.12.2013,6492,6492,6464,6464
09.12.2013,6391,6400,6390,6396
06.12.2013,6404,6404,6314,6330
04.12.2013,6475,6475,6382,6382
03.12.2013,6528,6528,6501,6501
02.12.2013,6560,6560,6506,6512
29.11.2013,6492,6527,6492,6527
28.11.2013,6540,6540,6500,6502
27.11.2013,6380,6380,6380,6380
26.11.2013,6367,6367,6352,6367
25.11.2013,6376,6376,6340,6340
22.11.2013,6334,6334,6334,6334
20.11.2013,6368,6368,6315,6315
18.11.2013,6342,6354,6334,6346
15.11.2013,6344,6346,6311,6311
13.11.2013,6394,6394,6318,6318
12.11.2013,6428,6428,6428,6428
11.11.2013,6395,6395,6395,6395
08.11.2013,6340,6340,6328,6328
07.11.2013,6402,6457,6402,6456
06.11.2013,6362,6417,6362,6397
05.11.2013,6323,6323,6323,6323
04.11.2013,6305,6315,6305,6315
31.10.2013,6260,6260,6241,6241
30.10.2013,6300,6325,6298,6314
29.10.2013,6198,6226,6198,6226
28.10.2013,6212,6222,6200,6200
25.10.2013,6184,6202,6145,6145
24.10.2013,6245,6245,6235,6235
23.10.2013,6294,6400,6256,6400
22.10.2013,6359,6359,6359,6359
21.10.2013,6362,6403,6362,6363
18.10.2013,6350,6350,6330,6330
17.10.2013,6300,6320,6295,6314
16.10.2013,6273,6307,6273,6307
15.10.2013,6302,6326,6299,6299
14.10.2013,6218,6242,6204,6242
11.10.2013,6114,6192,6114,6185
10.10.2013,6044,6082,6044,6069
09.10.2013,5995,6014,5995,6014
08.10.2013,6024,6024,5959,5959
04.10.2013,6010,6044,6010,6044
03.10.2013,6066,6066,6038,6038
02.10.2013,6030,6088,6004,6020
30.09.2013,5920,5950,5920,5950
27.09.2013,6030,6030,6015,6015
26.09.2013,6036,6036,6030,6030
25.09.2013,6001,6010,6001,6010
24.09.2013,5990,6000,5980,5980
23.09.2013,5994,5994,5994,5994
20.09.2013,5996,6004,5994,6004
19.09.2013,5956,5976,5952,5976
18.09.2013,5950,5950,,5972
17.09.2013,5976,5976,5935,5935
13.09.2013,6085,6085,6085,6085
12.09.2013,6075,6075,6044,6075
11.09.2013,6006,6006,6006,6006
10.09.2013,6002,6035,6002,6027
09.09.2013,5945,5955,5945,5946
06.09.2013,5955,5989,5955,5955
05.09.2013,5921,5946,5921,5944
04.09.2013,5867,5867,5867,5867
30.08.2013,5895,5895,5865,5865
29.08.2013,5904,5904,5875,5879
28.08.2013,5842,5846,5841,5846
27.08.2013,5888,5888,5882,5888
23.08.2013,5982,6000,5982,6000
22.08.2013,5950,5950,5950,5950
21.08.2013,5858,5858,,5858
20.08.2013,5861,5861,5861,5861
19.08.2013,5982,5982,5963,5982
16.08.2013,6016,6016,6016,6016
14.08.2013,5977,6054,5977,6039
13.08.2013,6007,6010,6006,6006
12.08.2013,5927,5958,5927,5927
09.08.2013,5932,5968,5899,5963
08.08.2013,5842,5847,5842,5847
07.08.2013,5696,5696,5696,5696
06.08.2013,5737,5737,5737,5737
02.08.2013,5780,5780,5780,5780
01.08.2013,5743,5748,5739,5748
31.07.2013,5724,5730,5718,5718
30.07.2013,5786,5797,5786,5797
29.07.2013,5771,5771,5749,5749
26.07.2013,5748,5765,5738,5738
25.07.2013,5768,5768,5728,5728
24.07.2013,5711,5711,5711,5711
23.07.2013,5701,5702,5701,5702
22.07.2013,5592,5640,5592,5640
18.07.2013,5441,5568,5441,5568
16.07.2013,5421,5421,5404,5404
15.07.2013,5290,5321,5290,5321
12.07.2013,5367,5367,5367,5367
11.07.2013,5485,5485,5397,5397
10.07.2013,5500,5527,5500,5515
09.07.2013,5530,5540,5530,5540
08.07.2013,5472,5542,5472,5539
05.07.2013,5425,5425,5425,5425
04.07.2013,5382,5455,5352,5411
03.07.2013,5183,5228,5147,5228
02.07.2013,5565,5565,5500,5500
01.07.2013,5551,5640,5551,5620
28.06.2013,5494,5494,5494,5494
27.06.2013,5490,5530,5490,5530
26.06.2013,5537,5542,5511,5511
25.06.2013,5374,5420,5374,5420
24.06.2013,5360,5361,5346,5357
21.06.2013,5695,5695,5695,5695
20.06.2013,5801,5801,5639,5748
19.06.2013,5874,5850,,5874
18.06.2013,5874,5871,,5874
17.06.2013,5837,5837,,5845
14.06.2013,5763,5763,5763,5763
13.06.2013,5666,5762,5666,5762
12.06.2013,5795,5795,5795,5795
11.06.2013,5742,5742,5735,5735
07.06.2013,5815,5816,5780,5816
06.06.2013,5902,5902,5902,5902
05.06.2013,5960,5960,5853,5854
04.06.2013,5890,5890,5852,5870
03.06.2013,5874,5906,5874,5877
31.05.2013,5988,5988,5935,5935
30.05.2013,6028,6050,6028,6040
29.05.2013,6067,6067,6067,6067
28.05.2013,6124,,,
27.05.2013,6050,,,
24.05.2013,5985,,,
23.05.2013,5943,,,
22.05.2013,6006,,,
21.05.2013,6018,,,
20.05.2013,6026,,,
17.05.2013,5978,5995,5955,5995
16.05.2013,5918,5918,5918,5918
15.05.2013,5937,5967,5933,5933
14.05.2013,5985,5985,5918,5918
13.05.2013,6028,6040,6028,6040
10.05.2013,6132,6132,6085,6085
09.05.2013,6065,6065,6065,6065
08.05.2013,6192,6192,6085,6090
07.05.2013,6186,6220,6160,6166
06.05.2013,6096,6100,6093,6093
03.05.2013,6047,6087,6047,6087
02.05.2013,6062,6070,6025,6025
30.04.2013,6054,6054,6033,6053
29.04.2013,6083,6083,6075,6075
26.04.2013,5940,5940,5940,5940
25.04.2013,5955,5955,5955,5955
24.04.2013,5959,5959,5925,5925
23.04.2013,5750,5849,5750,5849
22.04.2013,5670,5700,5652,5684
19.04.2013,5600,5608,5590,5590
18.04.2013,5526,5573,5440,5480
17.04.2013,5580,5610,5494,5500
16.04.2013,5663,5695,5607,5616
15.04.2013,5694,5716,5694,5716
12.04.2013,5720,5720,5703,5703
11.04.2013,5770,5795,5732,5781
10.04.2013,5668,5770,5668,5770
09.04.2013,5459,5525,5459,5525
08.04.2013,5390,5390,5390,5390
05.04.2013,5538,5538,5428,5435
04.04.2013,5530,5585,5518,5518
03.04.2013,5480,5480,5401,5408
02.04.2013,5643,5644,5582,5582
28.03.2013,5657,5657,5655,5655
27.03.2013,5715,5715,5650,5650
26.03.2013,5810,5810,5763,5763
25.03.2013,5886,5886,5870,5870
22.03.2013,5893,5960,5893,5919
21.03.2013,5890,5900,5879,5900
20.03.2013,5935,5935,5935,5935
19.03.2013,5926,5926,5865,5890
18.03.2013,5884,5931,5880,5931
15.03.2013,6185,6188,6178,6182
14.03.2013,6094,6210,6086,6210
13.03.2013,6053,6053,6028,6044
12.03.2013,6070,6070,6030,6030
11.03.2013,6024,6030,6022,6030
08.03.2013,6050,6067,6050,6066
07.03.2013,6040,6047,6040,6047
06.03.2013,5985,5985,5973,5973
05.03.2013,5988,6024,5988,6024
04.03.2013,5895,5906,5883,5906
01.03.2013,5918,5918,5871,5915
28.02.2013,6016,6016,6016,6016
27.02.2013,6008,6012,5950,6009
26.02.2013,6050,6085,6035,6045
25.02.2013,6155,6202,6132,6150
22.02.2013,6107,6134,6090,6100
21.02.2013,6090,6095,6070,6077
20.02.2013,6150,6151,6144,6144
19.02.2013,6161,6163,6150,6161
18.02.2013,6108,6120,6108,6120
15.02.2013,6168,6181,6134,6134
14.02.2013,6231,6234,6164,6175
13.02.2013,6176,6213,6176,6205
12.02.2013,6187,6212,6187,6212
11.02.2013,6138,6165,6138,6165
08.02.2013,6111,6140,6111,6140
07.02.2013,6122,6122,6122,6122
06.02.2013,6167,6170,6122,6122
05.02.2013,6182,6182,6167,6167
04.02.2013,6248,6248,6203,6203
01.02.2013,6250,6250,6245,6245
31.01.2013,6200,6212,6149,6187
30.01.2013,6293,6293,6255,6276
29.01.2013,6255,6262,6233,6262
28.01.2013,6296,6296,6296,6296
25.01.2013,6319,6319,6249,6283
24.01.2013,6270,6278,6250,6250
23.01.2013,6292,6345,6292,6345
21.01.2013,6291,6322,6287,6295
18.01.2013,6238,6238,6235,6235
17.01.2013,6135,6221,6135,6221
16.01.2013,6090,6097,6060,6094
15.01.2013,6114,6139,6105,6120
14.01.2013,6155,6213,6155,6190
11.01.2013,6130,6158,6103,6158
10.01.2013,6035,6100,6035,6087
09.01.2013,5960,5970,5955,5970
08.01.2013,5894,5915,5883,5883
07.01.2013,5910,5915,5895,5897
04.01.2013,5881,5881,5881,5881
03.01.2013,5849,5850,5810,5850
02.01.2013,5743,5858,5740,5805
31.12.2012,5660,5677,5641,5641
28.12.2012,5700,5700,5666,5675
27.12.2012,5718,5721,5709,5721
20.12.2012,5718,5752,5718,5752
19.12.2012,5717,5749,5704,5739
18.12.2012,5732,5732,5652,5698
17.12.2012,5636,5647,5630,5647
14.12.2012,5640,5640,5612,5612
13.12.2012,5550,5610,5541,5610
12.12.2012,5561,5565,5561,5565
11.12.2012,5433,5518,5433,5516
10.12.2012,5379,5379,5373,5373
07.12.2012,5432,5443,5432,5443
06.12.2012,5390,5390,5390,5390
05.12.2012,5307,5396,5307,5347
04.12.2012,5232,5232,5225,5225
03.12.2012,5274,5280,5246,5246
28.11.2012,5218,5218,5218,5218
27.11.2012,5252,5252,5247,5247
23.11.2012,5296,5311,5291,5311
21.11.2012,5295,5305,5295,5305
20.11.2012,5253,5253,5253,5253
19.11.2012,5179,5262,5179,5252
16.11.2012,5155,5155,5155,5155
15.11.2012,5244,5244,5244,5244
14.11.2012,5275,5275,5275,5275
13.11.2012,5304,5304,5275,5294
12.11.2012,5281,5281,5281,5281
09.11.2012,5280,5320,5220,5320
08.11.2012,5293,5359,5293,5313
07.11.2012,5303,5303,5303,5303
06.11.2012,5343,5343,5342,5342
05.11.2012,5358,5358,5358,5358
02.11.2012,5371,5415,5371,5375
31.10.2012,5369,5369,5359,5359
30.10.2012,5378,5379,5378,5379
29.10.2012,5350,5350,5320,5324
25.10.2012,5407,5407,5407,5407
24.10.2012,5382,5410,5382,5410
23.10.2012,5420,5420,5410,5410
22.10.2012,5482,5482,5439,5439
19.10.2012,5468,5468,5445,5445
18.10.2012,5470,5563,5465,5530
17.10.2012,5417,5448,5417,5448
16.10.2012,5355,5424,5355,5409
15.10.2012,5358,5358,5345,5345
11.10.2012,5395,5395,5380,5380
10.10.2012,5378,5378,5300,5300
08.10.2012,5362,5362,5362,5362
05.10.2012,5375,5375,5375,5375
04.10.2012,5265,5295,5265,5275
03.10.2012,5280,5304,5280,5304
28.09.2012,5233,5233,5177,5181
26.09.2012,5222,5222,5166,5188
25.09.2012,5338,5338,5338,5338
24.09.2012,5393,5393,5393,5393
21.09.2012,5368,5368,,5368
20.09.2012,5314,5314,5291,5310
19.09.2012,5327,5330,5311,5330
18.09.2012,5337,5337,5283,5290
17.09.2012,5395,5395,5388,5392
14.09.2012,5439,5445,5419,5445
12.09.2012,5356,5370,5356,5364
11.09.2012,5250,5311,5250,5310
10.09.2012,5251,5274,5251,5274
07.09.2012,5280,5280,5260,5280
06.09.2012,5090,5188,5090,5188
05.09.2012,5058,5058,5033,5033
03.09.2012,4993,5000,4993,5000
31.08.2012,4990,5025,4990,5025
30.08.2012,4940,4940,4940,4940
29.08.2012,4955,4955,4947,4947
27.08.2012,4901,4981,4901,4981
24.08.2012,4848,4908,4848,4908
23.08.2012,4942,4942,4850,4856
22.08.2012,4923,4947,4906,4920
21.08.2012,5005,5010,4964,4999
20.08.2012,4965,4965,4965,4965
17.08.2012,4883,4893,4883,4891
16.08.2012,4845,4859,4845,4859
15.08.2012,4801,4801,4800,4800
14.08.2012,4868,4868,4868,4868
13.08.2012,4830,4830,4797,4797
10.08.2012,4850,4870,4850,4870
08.08.2012,4825,4850,4825,4850
07.08.2012,4769,4860,4758,4843
06.08.2012,4630,4700,4630,4700
02.08.2012,4611,4611,4570,4570
01.08.2012,4636,4636,4634,4634
31.07.2012,4689,4689,4610,4620
30.07.2012,4650,4694,4650,4682
27.07.2012,4612,4612,4612,4612
26.07.2012,4430,4558,4430,4558
25.07.2012,4455,4455,4455,4455
24.07.2012,4500,4500,4470,4470
23.07.2012,4614,4614,4614,4614
20.07.2012,4770,4770,4712,4712
19.07.2012,4891,4891,4847,4847
18.07.2012,4864,4864,4845,4845
17.07.2012,4850,4850,4819,4819
16.07.2012,4840,4840,4797,4797
13.07.2012,4810,4835,4810,4832
12.07.2012,4789,4791,4789,4791
11.07.2012,4805,4810,4805,4810
10.07.2012,4823,4823,4780,4780
09.07.2012,4730,4778,4713,4735
06.07.2012,4800,4800,4714,4715
05.07.2012,4955,4955,4831,4880
04.07.2012,4860,5005,4860,4958
03.07.2012,4846,4890,4846,4890
02.07.2012,4760,4795,4760,4795
29.06.2012,4670,4745,4643,4734
28.06.2012,4590,4590,4590,4590
27.06.2012,4609,4619,4609,4609
26.06.2012,4640,4640,4640,4640
21.06.2012,4680,4690,4660,4665
20.06.2012,4666,4686,4666,4686
19.06.2012,4625,4625,4580,4625
18.06.2012,4560,4560,4560,4560
15.06.2012,4460,4460,4460,4460
14.06.2012,4384,4430,4378,4404
13.06.2012,4456,4456,4408,4408
12.06.2012,4500,4500,4440,4475
11.06.2012,4541,4545,4541,4545
08.06.2012,4520,4527,4505,4515
07.06.2012,4474,4474,4474,4474
06.06.2012,4480,4480,4480,4480
05.06.2012,4498,4498,4450,4495
04.06.2012,4420,4469,4420,4469
01.06.2012,4460,4504,4430,4430
31.05.2012,4532,4540,4515,4515
30.05.2012,4565,4565,4565,4565
29.05.2012,4571,4571,4571,4571
28.05.2012,4624,4626,4615,4615
24.05.2012,4572,4598,4572,4598
23.05.2012,4625,4625,4573,4580
21.05.2012,4697,4697,4622,4622
18.05.2012,4626,4650,4602,4602
17.05.2012,4740,4740,4648,4648
14.05.2012,4949,4949,4924,4924
11.05.2012,5020,5020,5020,5020
10.05.2012,5000,5069,5000,5050
09.05.2012,5010,5010,5005,5005
08.05.2012,5010,5076,5010,5010
07.05.2012,4994,4994,4994,4994
02.05.2012,5010,5010,5010,5010
30.04.2012,5020,5024,5020,5024
27.04.2012,4910,4966,4910,4960
26.04.2012,4900,4900,4900,4900
24.04.2012,4932,4960,4920,4960
20.04.2012,4945,4945,4945,4945
19.04.2012,4932,4932,4932,4932
17.04.2012,4949,5065,4949,5065
16.04.2012,4960,4960,4960,4960
13.04.2012,4985,4985,4954,4954
12.04.2012,4955,5011,4955,5005
11.04.2012,5078,5089,5078,5089
10.04.2012,5030,5030,5030,5030
05.04.2012,5050,5100,5050,5100
04.04.2012,5200,5200,5130,5130
02.04.2012,5271,5271,5271,5271
29.03.2012,5330,5330,5330,5330
28.03.2012,5425,5431,5375,5402
27.03.2012,5455,5455,5455,5455
26.03.2012,5418,5418,5418,5418
23.03.2012,5369,5369,5337,5347
22.03.2012,5370,5370,5350,5350
21.03.2012,5425,5425,5412,5412
20.03.2012,5400,5400,5400,5400
16.03.2012,5592,5595,5592,5595
15.03.2012,5588,5594,5573,5573
14.03.2012,5621,5630,5591,5595
13.03.2012,5632,5643,5616,5616
12.03.2012,5655,5655,5585,5585
09.03.2012,5625,5683,5625,5683
07.03.2012,5464,5555,5464,5555
06.03.2012,5545,5545,5515,5515
05.03.2012,5665,5666,5661,5666
01.03.2012,5569,5635,5565,5635
29.02.2012,5588,5588,5577,5577
28.02.2012,5561,5561,5550,5550
27.02.2012,5510,5510,5500,5500
24.02.2012,5525,5550,5525,5545
23.02.2012,5543,5543,5460,5507
22.02.2012,5586,5610,5586,5610
17.02.2012,5615,5615,5615,5615
16.02.2012,5588,5600,5588,5600
15.02.2012,5719,5719,5670,5670
14.02.2012,5695,5700,5695,5700
13.02.2012,5660,5660,5660,5660
10.02.2012,5642,5642,5642,5642
09.02.2012,5732,5737,5678,5678
08.02.2012,5693,5750,5693,5750
07.02.2012,5510,5564,5500,5530
06.02.2012,5475,5475,5450,5470
03.02.2012,5390,5475,5390,5475
02.02.2012,5352,5375,5352,5375
01.02.2012,5360,5360,5335,5346
31.01.2012,5353,5353,5320,5353
30.01.2012,5375,5377,5294,5294
27.01.2012,5480,5480,5445,5480
26.01.2012,5465,5474,5465,5474
25.01.2012,5445,5445,5416,5416
24.01.2012,5453,5467,5453,5467
23.01.2012,5451,5481,5451,5481
19.01.2012,5400,5455,5400,5455
18.01.2012,5415,5429,5400,5410
17.01.2012,5446,5446,5446,5446
16.01.2012,5417,5418,5416,5416
13.01.2012,5540,5540,5469,5469
12.01.2012,5541,5541,5541,5541
11.01.2012,5515,5540,5500,5519
10.01.2012,5613,5613,5613,5613
09.01.2012,5595,5595,5595,5595
06.01.2012,5551,5590,5551,5587
05.01.2012,5550,5550,5505,5516
04.01.2012,5660,5670,5588,5588
03.01.2012,5651,5651,5651,5651
30.12.2011,5464,5539,5464,5539
29.12.2011,5432,5446,5421,5446
28.12.2011,5408,5493,5408,5467
27.12.2011,5401,5411,5401,5404
23.12.2011,5389,5389,5389,5389
22.12.2011,5300,5330,5300,5330
21.12.2011,5324,5324,5280,5280
20.12.2011,5347,5352,5347,5352
19.12.2011,5335,5335,5314,5314
16.12.2011,5309,5309,5298,5300
15.12.2011,5295,5319,5291,5297
14.12.2011,5340,5340,5260,5260
13.12.2011,5409,5409,5352,5352
12.12.2011,5475,5475,5435,5435
09.12.2011,5535,5535,5535,5535
07.12.2011,5550,5550,5549,5549
06.12.2011,5705,5705,5595,5605
05.12.2011,5621,5710,5611,5710
01.12.2011,5542,5542,5539,5539
29.11.2011,5335,5335,5335,5335
28.11.2011,5340,5375,5340,5375
24.11.2011,5275,5275,5202,5216
23.11.2011,5232,5237,5232,5237
21.11.2011,5375,5375,5364,5364
17.11.2011,5456,5456,5432,5432
16.11.2011,5525,5544,5485,5485
14.11.2011,5515,5515,5506,5506
11.11.2011,5505,5528,5505,5506
10.11.2011,5630,5630,5630,5630
09.11.2011,5600,5613,5600,5613
08.11.2011,5767,5767,5767,5767
07.11.2011,5646,5730,5646,5730
04.11.2011,5797,5814,5690,5690
03.11.2011,5696,5696,5696,5696
02.11.2011,5555,5568,5555,5568
01.11.2011,5639,5639,5594,5621
31.10.2011,5825,5887,5812,5887
28.10.2011,5979,5979,5979,5979
27.10.2011,5950,6030,5950,5990
26.10.2011,5883,5883,5780,5780
25.10.2011,5948,5948,5840,5840
24.10.2011,5950,5950,5950,5950
21.10.2011,5920,6005,5920,6005
20.10.2011,5849,5911,5833,5911
17.10.2011,6005,6005,6005,6005
13.10.2011,6075,6075,6004,6004
11.10.2011,6039,6077,5989,5989
10.10.2011,5998,5998,5998,5998
07.10.2011,5795,5958,5795,5945
06.10.2011,5796,5899,5796,5899
05.10.2011,5775,5775,5775,5775
04.10.2011,5620,5635,5561,5585
03.10.2011,5712,5736,5710,5716
30.09.2011,5945,5945,5823,5823
29.09.2011,5940,5940,5940,5940
27.09.2011,5801,5801,5801,5801
26.09.2011,5575,5812,5575,5812
23.09.2011,5708,5708,5640,5656
22.09.2011,5923,5923,5774,5784
21.09.2011,6012,6012,6012,6012
20.09.2011,6015,6015,6015,6015
19.09.2011,6005,6007,5971,5990
16.09.2011,6125,6140,6101,6140
15.09.2011,6041,6090,6030,6090
14.09.2011,5828,5894,5828,5880
13.09.2011,5797,5839,5659,5838
12.09.2011,5896,5896,5835,5835
09.09.2011,6110,6145,6050,6050
08.09.2011,6182,6200,6182,6200
07.09.2011,6104,6140,6104,6124
06.09.2011,6110,6174,6022,6022
05.09.2011,6228,6228,6120,6150
02.09.2011,6268,6281,6252,6281
01.09.2011,6280,6280,6280,6280
31.08.2011,6200,6270,6200,6253
29.08.2011,6100,6195,6100,6172
25.08.2011,6150,6175,6037,6040
23.08.2011,6176,6176,6070,6070
22.08.2011,6108,6159,6104,6159
19.08.2011,5948,6096,5930,6059
18.08.2011,6158,6158,6028,6060
17.08.2011,6250,6344,6250,6275
16.08.2011,6244,6244,6148,6148
15.08.2011,6342,6343,6342,6343
12.08.2011,6120,6223,6120,6191
11.08.2011,5815,5949,5815,5949
10.08.2011,6130,6164,5889,5889
09.08.2011,6000,6000,5870,5990
08.08.2011,6300,6300,6300,6300
05.08.2011,6315,6419,6239,6250
04.08.2011,6502,6502,6410,6410
03.08.2011,6650,6650,6555,6555
02.08.2011,6785,6785,6617,6617
01.08.2011,6910,6910,6725,6725
29.07.2011,6911,6935,6829,6935
28.07.2011,6870,6920,6800,6920
27.07.2011,6900,6900,6830,6880
26.07.2011,7009,7009,7009,7009
25.07.2011,7049,7100,7049,7100
22.07.2011,7143,7150,7040,7060
21.07.2011,6828,6963,6828,6963
20.07.2011,6730,6826,6730,6826
19.07.2011,6660,6670,6623,6670
18.07.2011,6682,6682,6619,6619
15.07.2011,6752,6799,6733,6750
14.07.2011,6796,6796,6796,6796
13.07.2011,6920,6920,6920,6920
12.07.2011,6660,6800,6580,6800
11.07.2011,7057,7057,6855,6855
08.07.2011,7145,7145,7126,7126
07.07.2011,7150,7269,7150,7269
06.07.2011,7140,7170,7106,7106
05.07.2011,7350,7350,7350,7350
04.07.2011,7405,7405,7405,7405
01.07.2011,7288,7317,7288,7317
30.06.2011,7251,7340,7225,7340
29.06.2011,7066,7066,7066,7066
28.06.2011,6975,6975,,6975
23.06.2011,7034,7034,7005,7005
22.06.2011,7118,7118,7118,7118
21.06.2011,7165,7217,7165,7217
20.06.2011,7135,7135,7135,7135
17.06.2011,7208,7233,7208,7225
16.06.2011,7139,7139,7114,7114
15.06.2011,7230,7230,7170,7170
14.06.2011,7313,7317,7285,7305
10.06.2011,7268,7280,7258,7280
08.06.2011,7435,7435,7378,7378
07.06.2011,7496,7496,7496,7496
06.06.2011,7501,7501,7500,7500
03.06.2011,7540,7625,7540,7625
01.06.2011,7520,7520,7500,7500
31.05.2011,7410,7428,7410,7428
30.05.2011,7498,7498,7498,7498
27.05.2011,7500,7544,7500,7531
26.05.2011,7580,7580,7500,7525
25.05.2011,7467,7537,7467,7537
24.05.2011,7486,7496,7435,7496
23.05.2011,7486,7486,7470,7470
20.05.2011,7589,7589,7540,7540
19.05.2011,7564,7565,7520,7565
18.05.2011,7590,7590,7490,7590
17.05.2011,7629,7629,7575,7594
16.05.2011,7644,7644,7550,7619
13.05.2011,7585,7664,7585,7664
12.05.2011,7640,7640,7630,7630
11.05.2011,7610,7642,7610,7642
10.05.2011,7537,7596,7527,7596
06.05.2011,7600,7630,7600,7630
05.05.2011,7462,7585,7462,7535
04.05.2011,7515,7590,7466,7466
03.05.2011,7490,7490,7490,7490
02.05.2011,7470,7470,7470,7470
29.04.2011,7448,7448,7448,7448
28.04.2011,7390,7392,7390,7392
27.04.2011,7342,7390,7320,7390
26.04.2011,7385,7385,7343,7343
21.04.2011,7385,7397,7360,7360
20.04.2011,7395,7415,7355,7355
19.04.2011,7365,7365,7316,7353
18.04.2011,7400,7400,7310,7310
15.04.2011,7500,7500,7498,7498
14.04.2011,7568,7568,7520,7537
13.04.2011,7600,7669,7600,7644
12.04.2011,7640,7640,7530,7550
11.04.2011,7700,7727,7693,7727
08.04.2011,7750,7784,7663,7663
07.04.2011,7695,7727,7679,7707
06.04.2011,7555,7615,7450,7570
05.04.2011,7610,7614,7540,7540
04.04.2011,7605,7605,7605,7605
01.04.2011,7535,7554,7535,7554
31.03.2011,7550,7550,7480,7500
30.03.2011,7590,7604,7590,7604
29.03.2011,7586,7590,7550,7583
28.03.2011,7554,7554,,7554
25.03.2011,7641,7641,7584,7584
24.03.2011,7540,7619,7540,7597
23.03.2011,7452,7511,7430,7511
22.03.2011,7698,7698,7568,7589
21.03.2011,7690,7719,7670,7719
18.03.2011,7552,7630,7480,7575
17.03.2011,7575,7576,7500,7500
16.03.2011,7850,7910,7800,7800
15.03.2011,7931,7931,7811,7820
14.03.2011,7955,8055,7955,7971
11.03.2011,7936,7936,7881,7881
10.03.2011,7930,7930,7930,7930
09.03.2011,7930,7930,7930,7930
08.03.2011,7884,7932,7884,7932
07.03.2011,7950,7950,7870,7870
04.03.2011,7864,7905,7864,7882
03.03.2011,7978,8000,7920,7970
02.03.2011,7910,8025,7910,8025
01.03.2011,8000,8000,7984,7984
28.02.2011,7985,8010,7985,7985
25.02.2011,7920,7990,7920,7947
24.02.2011,7800,7900,7800,7900
23.02.2011,7906,7906,7860,7900
22.02.2011,7769,7870,7769,7870
21.02.2011,7911,7950,7856,7856
18.02.2011,8105,8120,7950,8000
17.02.2011,8125,8154,8072,8128
16.02.2011,8018,8139,8018,8100
15.02.2011,8055,8055,8010,8050
14.02.2011,8042,8042,7980,7980
11.02.2011,7906,7957,7900,7957
10.02.2011,8050,8050,7941,7941
09.02.2011,8104,8150,8065,8093
08.02.2011,7983,8016,7983,7989
07.02.2011,7968,7971,7925,7969
04.02.2011,7983,7983,7942,7942
03.02.2011,7899,7999,7890,7890
02.02.2011,7968,7996,7937,7959
01.02.2011,7869,7920,7863,7920
31.01.2011,7750,7838,7750,7819
28.01.2011,7715,7827,7715,7740
27.01.2011,7756,7756,7756,7756
26.01.2011,7807,7828,7740,7762
25.01.2011,7835,7836,7714,7714
24.01.2011,7769,7860,7760,7841
21.01.2011,7764,7911,7764,7805
20.01.2011,7665,7790,7660,7790
19.01.2011,7687,7740,7668,7671
18.01.2011,7615,7655,7615,7653
14.01.2011,7670,7670,7569,7577
13.01.2011,7626,7715,7626,7682
12.01.2011,7515,7679,7497,7679
11.01.2011,7343,7458,7343,7455
10.01.2011,7335,7335,7260,7299
07.01.2011,7591,7591,7406,7406
06.01.2011,7750,7770,7616,7639
05.01.2011,7761,7761,7690,7755
04.01.2011,7775,7801,7745,7801
03.01.2011,7708,7735,7708,7721
31.12.2010,7590,7646,7574,7646
30.12.2010,7761,7761,7649,7660
29.12.2010,7783,7783,7737,7773
28.12.2010,7777,7794,7759,7759
27.12.2010,7814,7814,7756,7756
23.12.2010,7916,7916,7853,7871
22.12.2010,7890,7890,7845,7861
21.12.2010,7884,7895,7863,7895
20.12.2010,7820,7873,7818,7834
17.12.2010,7830,7855,7776,7776
16.12.2010,7862,7862,7810,7810
15.12.2010,7934,7934,7885,7893
14.12.2010,7958,7964,7928,7962
13.12.2010,8039,8053,8008,8053
10.12.2010,7883,7971,7883,7971
09.12.2010,8011,8017,7925,7943
08.12.2010,7801,7899,7800,7869
07.12.2010,7803,7835,7800,7808
06.12.2010,7710,7774,7710,7751
03.12.2010,7653,7772,7653,7734
02.12.2010,7541,7682,7541,7682
01.12.2010,7346,7539,7346,7539
30.11.2010,7373,7373,7297,7321
29.11.2010,7555,7555,7360,7360
26.11.2010,7590,7590,7522,7569
25.11.2010,7650,7650,7573,7618
24.11.2010,7585,7678,7585,7653
23.11.2010,7715,7715,7613,7616
22.11.2010,7935,7935,7774,7784
19.11.2010,7901,7901,7854,7900
18.11.2010,7903,7908,7894,7906
17.11.2010,7850,7851,7796,7836
16.11.2010,7824,7824,7785,7785
15.11.2010,7809,7832,7808,7832
12.11.2010,7666,7805,7666,7769
11.11.2010,7780,7780,7691,7718
10.11.2010,7855,7855,7804,7833
09.11.2010,7829,7908,7811,7860
08.11.2010,7926,7926,7847,7866
05.11.2010,7895,7968,7860,7925
04.11.2010,8109,8144,8027,8032
03.11.2010,8142,8142,8080,8084
02.11.2010,8191,8191,8155,8168
01.11.2010,8207,8207,8129,8129
29.10.2010,8004,8092,8004,8092
28.10.2010,8025,8041,8010,8041
27.10.2010,8001,8081,7910,7924
26.10.2010,7985,8036,7985,8029
25.10.2010,7981,8008,7975,7992
22.10.2010,7897,7950,7897,7936
21.10.2010,7908,7935,7868,7930
20.10.2010,7836,7862,7836,7862
19.10.2010,7861,7909,7861,7893
18.10.2010,7772,7884,7772,7863
15.10.2010,7760,7830,7760,7830
14.10.2010,7758,7758,7754,7754
13.10.2010,7765,7785,7749,7785
12.10.2010,7717,7740,7696,7696
11.10.2010,7765,7775,7744,7773
08.10.2010,7747,7770,7715,7770
07.10.2010,7744,7770,7744,7770
06.10.2010,7672,7719,7672,7712
05.10.2010,7524,7659,7524,7648
04.10.2010,7567,7567,7531,7540
01.10.2010,7569,7616,7559,7591
30.09.2010,7460,7532,7460,7500
29.09.2010,7464,7480,7464,7480
28.09.2010,7393,7475,7380,7475
27.09.2010,7470,7470,7442,7467
24.09.2010,7345,7420,7335,7416
23.09.2010,7330,7380,7330,7380
22.09.2010,7315,7398,7315,7398
21.09.2010,7369,7407,7369,7407
20.09.2010,7399,7399,7280,7318
17.09.2010,7444,7491,7365,7380
16.09.2010,7485,7485,7425,7435
15.09.2010,7551,7551,7455,7455
14.09.2010,7517,7546,7496,7546
13.09.2010,7539,7539,7506,7535
10.09.2010,7426,7451,7426,7451
09.09.2010,7366,7460,7366,7460
08.09.2010,7313,7365,7300,7365
07.09.2010,7455,7529,7390,7417
06.09.2010,7477,7478,7477,7478
03.09.2010,7473,7473,7422,7422
02.09.2010,7485,7496,7427,7427
01.09.2010,7387,7520,7387,7478
31.08.2010,7308,7391,7308,7391
30.08.2010,7379,7388,7379,7386
27.08.2010,7300,7368,7300,7368
26.08.2010,7287,7322,7287,7322
25.08.2010,7305,7305,7222,7249
24.08.2010,7288,7288,7271,7280
23.08.2010,7379,7379,7379,7379
20.08.2010,7388,7388,7370,7374
19.08.2010,7465,7465,7368,7368
18.08.2010,7452,7452,7436,7436
17.08.2010,7385,7508,7385,7504
16.08.2010,7270,7326,7267,7326
13.08.2010,7339,7339,7290,7308
12.08.2010,7365,7365,7274,7307
11.08.2010,7334,7334,7259,7300
10.08.2010,7457,7464,7414,7426
09.08.2010,7477,7529,7470,7529
06.08.2010,7543,7543,7371,7381
05.08.2010,7615,7633,7545,7545
04.08.2010,7569,7575,7569,7575
03.08.2010,7580,7585,7488,7538
02.08.2010,7439,7512,7439,7512
30.07.2010,7383,7386,7383,7386
29.07.2010,7401,7489,7401,7432
28.07.2010,7508,7533,7448,7471
27.07.2010,7385,7430,7346,7409
26.07.2010,7330,7330,7308,7310
23.07.2010,7307,7308,7280,7280
22.07.2010,7197,7293,7197,7260
21.07.2010,7156,7170,7124,7124
20.07.2010,7147,7169,7106,7106
19.07.2010,7069,7145,7069,7145
16.07.2010,7268,7268,7130,7130
15.07.2010,7274,7285,7245,7246
14.07.2010,7317,7343,7271,7271
13.07.2010,7234,7342,7234,7342
12.07.2010,7274,7344,7274,7315
09.07.2010,7466,7466,7320,7320
08.07.2010,7445,7523,7438,7438
07.07.2010,7329,7428,7329,7422
06.07.2010,7209,7310,7200,7310
05.07.2010,7157,7157,7121,7121
02.07.2010,7105,7155,7081,7099
01.07.2010,7011,7077,7010,7030
30.06.2010,7150,7183,6992,7096
29.06.2010,7184,7184,6997,6997
28.06.2010,7187,7251,7157,7225
25.06.2010,7208,7246,7198,7231
24.06.2010,7300,7333,7187,7226
23.06.2010,7443,7493,7390,7403
22.06.2010,7459,7486,7443,7455
21.06.2010,7522,7522,7469,7500
18.06.2010,7272,7411,7272,7411
17.06.2010,7282,7320,7204,7233
16.06.2010,7243,7270,7225,7270
15.06.2010,7180,7214,7157,7214
14.06.2010,7188,7208,7188,7208
11.06.2010,7106,7157,7106,7141
10.06.2010,6925,7085,6917,7085
09.06.2010,6873,6907,6827,6893
08.06.2010,6944,6944,6790,6833
07.06.2010,6868,6925,6868,6913
04.06.2010,7133,7133,6930,6940
03.06.2010,7120,7195,7102,7195
02.06.2010,7080,7080,7005,7021
01.06.2010,7011,7078,6966,7078
31.05.2010,7062,7065,7046,7064
28.05.2010,7058,7143,7035,7050
27.05.2010,6899,7105,6899,7084
26.05.2010,6749,6905,6749,6861
25.05.2010,6668,6668,6606,6649
24.05.2010,6799,6812,6796,6812
21.05.2010,6736,6804,6704,6804
20.05.2010,6959,6959,6651,6740
19.05.2010,6940,6984,6877,6892
18.05.2010,7068,7113,7052,7052
17.05.2010,6902,7067,6902,7007
14.05.2010,7131,7174,6996,7001
13.05.2010,7351,7351,7285,7292
12.05.2010,7272,7364,7200,7345
11.05.2010,7110,7174,7101,7164
10.05.2010,6900,7223,6900,7223
07.05.2010,6511,6680,6430,6500
06.05.2010,6775,6960,6650,6698
05.05.2010,6830,6980,6690,6832
04.05.2010,7132,7132,6792,6904
03.05.2010,7150,7198,7126,7142
30.04.2010,7210,7305,7181,7187
29.04.2010,6574,7157,6564,7111
28.04.2010,6610,6960,6317,6319
27.04.2010,7204,7242,6915,6925
26.04.2010,7548,7548,7328,7350
23.04.2010,7470,7608,7470,7553
22.04.2010,7641,7715,7460,7527
21.04.2010,7898,7905,7690,7705
20.04.2010,7847,7889,7847,7889
19.04.2010,7774,7820,7752,7777
16.04.2010,7956,7964,7855,7855
15.04.2010,8029,8036,8000,8036
14.04.2010,8040,8100,8040,8100
13.04.2010,8026,8055,8009,8024
12.04.2010,8030,8043,8008,8021
09.04.2010,7870,7962,7870,7962
08.04.2010,7803,7803,7730,7762
07.04.2010,7871,7886,7826,7866
06.04.2010,7968,7968,7891,7891
01.04.2010,7897,7907,7865,7907
31.03.2010,7787,7827,7787,7827
30.03.2010,7903,7903,7851,7851
29.03.2010,7864,7889,7848,7889
26.03.2010,7751,7833,7751,7833
25.03.2010,7682,7783,7672,7783
24.03.2010,7785,8000,7646,7717
23.03.2010,7825,7845,7800,7807
22.03.2010,7747,7747,7724,7732
19.03.2010,8136,8155,8072,8093
18.03.2010,8163,8168,8105,8115
17.03.2010,8077,8172,8077,8168
16.03.2010,7963,8028,7963,8017
15.03.2010,7946,7946,7900,7900
12.03.2010,8000,8005,7950,7967
11.03.2010,7960,7986,7930,7963
10.03.2010,7845,7990,7845,7976
09.03.2010,7900,7900,7791,7871
08.03.2010,7990,8000,7901,7918
05.03.2010,7854,7970,7847,7960
04.03.2010,7740,7855,7740,7784
03.03.2010,7662,7788,7657,7762
02.03.2010,7685,7735,7655,7704
01.03.2010,7637,7685,7637,7685
26.02.2010,7487,7576,7471,7561
25.02.2010,7497,7538,7431,7446
24.02.2010,7625,7625,7522,7571
23.02.2010,7750,7757,7610,7618
22.02.2010,7720,7776,7705,7705
19.02.2010,7670,7723,7670,7723
18.02.2010,7543,7644,7543,7638
17.02.2010,7591,7622,7573,7573
16.02.2010,7552,7552,7484,7516
15.02.2010,7490,7540,7490,7540
12.02.2010,7590,7612,7450,7499
11.02.2010,7683,7683,7515,7571
10.02.2010,7640,7720,7598,7625
09.02.2010,7438,7499,7438,7466
08.02.2010,7436,7451,7350,7350
05.02.2010,7325,7375,7142,7368
04.02.2010,7880,7880,7425,7450
03.02.2010,8025,8042,7821,7825
02.02.2010,8002,8069,8002,8066
01.02.2010,7953,8020,7913,8006
29.01.2010,7875,7952,7855,7931
28.01.2010,8113,8149,7914,7932
27.01.2010,8043,8072,7980,8036
26.01.2010,8040,8100,8040,8100
25.01.2010,8185,8185,8080,8105
22.01.2010,8210,8231,8032,8095
21.01.2010,8380,8380,8246,8246
20.01.2010,8479,8480,8303,8345
19.01.2010,8458,8513,8393,8488
18.01.2010,8508,8567,8508,8535
15.01.2010,8672,8672,8486,8486
14.01.2010,8782,8784,8688,8688
13.01.2010,8761,8771,8711,8736
12.01.2010,8801,8801,8705,8727
11.01.2010,8854,8870,8819,8819
08.01.2010,8783,8821,8758,8821
07.01.2010,8645,8766,8640,8766
06.01.2010,8675,8680,8675,8680
05.01.2010,8645,8690,8645,8672
04.01.2010,8577,8602,8571,8602
31.12.2009,8490,8490,8463,8475
30.12.2009,8477,8493,8474,8493
29.12.2009,8440,8473,8440,8473
28.12.2009,8450,8470,8418,8450
24.12.2009,8455,8455,8455,8455
23.12.2009,8424,8438,8412,8429
22.12.2009,8387,8414,8372,8403
21.12.2009,8270,8343,8270,8343
18.12.2009,8216,8216,8189,8212
17.12.2009,8289,8289,8175,8177
16.12.2009,8245,8292,8238,8292
15.12.2009,8230,8235,8195,8235
14.12.2009,8239,8246,8190,8246
11.12.2009,8175,8210,8175,8195
10.12.2009,8060,8112,8060,8112
09.12.2009,8145,8160,8050,8070
08.12.2009,8318,8318,8218,8248
07.12.2009,8355,8355,8353,8353
04.12.2009,8327,8388,8310,8367
03.12.2009,8387,8391,8357,8360
02.12.2009,8338,8349,8338,8349
01.12.2009,8372,8372,8372,8372
30.11.2009,8336,8336,8249,8254
27.11.2009,8138,8349,8138,8349
26.11.2009,8380,8382,8289,8289
25.11.2009,8483,8486,8460,8460
24.11.2009,8490,8490,8471,8471
23.11.2009,8520,8558,8519,8535
20.11.2009,8482,8482,8422,8435
19.11.2009,8435,8441,8426,8429
18.11.2009,8539,8553,8516,8553
17.11.2009,8566,8566,8521,8545
16.11.2009,8580,8587,8580,8586
13.11.2009,8496,8500,8482,8500
12.11.2009,8501,8525,8486,8486
11.11.2009,8540,8540,8511,8521
10.11.2009,8523,8541,8485,8510
09.11.2009,8505,8545,8505,8533
06.11.2009,8470,8474,8420,8450
05.11.2009,8335,8488,8335,8460
04.11.2009,8407,8414,8350,8404
03.11.2009,8281,8295,8255,8294
02.11.2009,8295,8403,8295,8398
30.10.2009,8548,8550,8312,8339
29.10.2009,8229,8500,8229,8470
28.10.2009,8381,8381,8226,8243
27.10.2009,8513,8513,8455,8476
26.10.2009,8635,8645,8510,8520
23.10.2009,8700,8700,8651,8651
22.10.2009,8715,8715,8690,8690
21.10.2009,8863,8863,8758,8815
20.10.2009,8854,8865,8854,8865
19.10.2009,8865,8891,8838,8891
16.10.2009,8894,8894,8804,8815
15.10.2009,8844,8866,8844,8844
14.10.2009,8834,8880,8834,8880
13.10.2009,8741,8781,8738,8738
12.10.2009,8836,8842,8832,8842
09.10.2009,8755,8755,8750,8750
08.10.2009,8750,8754,8712,8745
07.10.2009,8620,8668,8620,8638
06.10.2009,8534,8605,8529,8580
05.10.2009,8417,8417,8417,8417
02.10.2009,8377,8377,8335,8352
01.10.2009,8537,8537,8471,8471
30.09.2009,8522,8522,8453,8475
29.09.2009,8469,8486,8444,8450
28.09.2009,8362,8457,8339,8445
25.09.2009,8376,8376,8362,8373
24.09.2009,8333,8460,8333,8385
23.09.2009,8440,8449,8397,8408
22.09.2009,8412,8423,8405,8405
21.09.2009,8446,8446,8317,8342
18.09.2009,8384,8426,8384,8426
17.09.2009,8338,8461,8338,8461
16.09.2009,8303,8338,8294,8338
15.09.2009,8135,8236,8135,8226
14.09.2009,8102,8127,8097,8127
11.09.2009,8100,8113,8100,8113
10.09.2009,8047,8050,7970,8050
09.09.2009,7937,7974,7929,7974
08.09.2009,7963,7963,7929,7929
07.09.2009,7890,7936,7855,7936
04.09.2009,7784,7788,7762,7788
03.09.2009,7682,7761,7659,7700
02.09.2009,7622,7673,7609,7655
01.09.2009,7824,7824,7743,7747
31.08.2009,7830,7830,7830,7830
28.08.2009,7905,7905,7850,7850
27.08.2009,7953,7953,7833,7833
26.08.2009,7954,7954,7884,7890
25.08.2009,7872,7900,7872,7900
24.08.2009,7928,7928,7893,7893
21.08.2009,7796,7831,7787,7831
20.08.2009,7720,7728,7689,7720
19.08.2009,7582,7610,7582,7610
18.08.2009,7569,7586,7565,7586
17.08.2009,7586,7586,7490,7490
14.08.2009,7660,7693,7639,7639
13.08.2009,7584,7612,7584,7590
12.08.2009,7481,7547,7481,7486
11.08.2009,7529,7529,7470,7473
10.08.2009,7490,7493,7490,7493
07.08.2009,7508,7508,7474,7493
06.08.2009,7478,7490,7474,7490
05.08.2009,7401,7518,7401,7465
04.08.2009,7441,7500,7419,7495
03.08.2009,7351,7420,7351,7420
31.07.2009,7338,7338,7298,7298
30.07.2009,7326,7375,7326,7352
29.07.2009,7312,7332,7312,7325
28.07.2009,7301,7358,7301,7304
27.07.2009,7328,7328,7274,7283
24.07.2009,7323,7333,7264,7264
23.07.2009,7313,7313,7310,7310
22.07.2009,7227,7267,7227,7267
21.07.2009,7277,7278,7239,7274
20.07.2009,7261,7261,7234,7244
17.07.2009,7201,7208,7166,7206
16.07.2009,7152,7185,7136,7185
15.07.2009,7120,7206,7120,7206
14.07.2009,7126,7126,7050,7092
13.07.2009,6970,7061,6970,7061
10.07.2009,7017,7017,6939,6939
09.07.2009,7075,7090,7039,7057
08.07.2009,7042,7058,7014,7036
07.07.2009,7139,7146,7102,7102
06.07.2009,7070,7120,7070,7120
03.07.2009,7115,7181,7080,7181
02.07.2009,7184,7197,7135,7135
01.07.2009,7225,7238,7215,7238
30.06.2009,7159,7159,7093,7126
29.06.2009,7037,7090,7037,7075
26.06.2009,7064,7064,7016,7016
25.06.2009,6994,7023,6992,7016
24.06.2009,6968,7005,6968,7005
23.06.2009,6961,6976,6900,6915
22.06.2009,7061,7061,6954,6954
19.06.2009,6954,7062,6954,7062
18.06.2009,6896,6934,6896,6930
17.06.2009,7038,7038,6900,6920
16.06.2009,7056,7123,7056,7070
15.06.2009,7098,7100,7087,7089
12.06.2009,7170,7180,7168,7178
11.06.2009,7181,7184,7181,7184
10.06.2009,7205,7205,7093,7105
09.06.2009,7102,7143,7093,7143
08.06.2009,7030,7030,7030,7030
05.06.2009,7168,7199,7153,7174
04.06.2009,7239,7239,7144,7166
03.06.2009,7249,7249,7177,7190
02.06.2009,7284,7284,7261,7261
01.06.2009,7316,7316,7276,7293
29.05.2009,7197,7215,7167,7215
28.05.2009,7223,7232,7223,7232
27.05.2009,7280,7286,7280,7286
26.05.2009,7186,7234,7131,7234
25.05.2009,7237,7237,7219,7219
22.05.2009,7230,7230,7221,7221
21.05.2009,7176,7182,7154,7154
20.05.2009,7258,7275,7258,7275
19.05.2009,7243,7243,7208,7224
18.05.2009,7041,7084,7038,7084
15.05.2009,7059,7072,6998,7012
14.05.2009,6811,6992,6811,6992
13.05.2009,7062,7062,6865,6885
12.05.2009,7123,7135,7008,7008
11.05.2009,7166,7166,7163,7164
08.05.2009,7208,7265,7198,7265
07.05.2009,7219,7323,7135,7155
06.05.2009,6943,7035,6943,7030
05.05.2009,6886,6900,6851,6851
04.05.2009,6790,6872,6788,6872
30.04.2009,6689,6704,6656,6656
29.04.2009,6570,6570,6570,6570
28.04.2009,6450,6450,6435,6435
27.04.2009,6504,6520,6504,6520
24.04.2009,6472,6510,6472,6510
23.04.2009,6483,6483,6452,6452
22.04.2009,6422,6450,6422,6450
21.04.2009,6449,6449,6390,6425
20.04.2009,6480,6480,6480,6480
17.04.2009,6537,6562,6491,6562
16.04.2009,6372,6435,6372,6434
15.04.2009,6342,6371,6338,6371
14.04.2009,6374,6394,6353,6394
09.04.2009,6226,6300,6226,6300
08.04.2009,6170,6187,6170,6187
07.04.2009,6210,6210,6187,6187
06.04.2009,6298,6298,6213,6213
03.04.2009,6260,6260,6155,6163
02.04.2009,6097,6182,6097,6182
01.04.2009,5941,5978,5941,5978
31.03.2009,5858,5937,5858,5937
30.03.2009,5762,5830,5762,5808
27.03.2009,5916,5916,5831,5858
26.03.2009,5978,5978,5878,5910
25.03.2009,6007,6007,6002,6002
24.03.2009,6055,6055,5954,5981
23.03.2009,6049,6049,6049,6049
20.03.2009,6121,6147,6121,6147
19.03.2009,6198,6213,6183,6195
18.03.2009,6100,6115,6088,6115
17.03.2009,6008,6060,6008,6038
16.03.2009,6102,6102,6041,6060
13.03.2009,5965,6047,5965,6029
12.03.2009,5865,5985,5865,5985
11.03.2009,5849,5926,5849,5926
10.03.2009,5760,5872,5760,5872
09.03.2009,5742,5758,5742,5758
06.03.2009,5781,5841,5779,5780
05.03.2009,5770,5770,5732,5753
04.03.2009,5740,5827,5740,5827
03.03.2009,5885,5885,5750,5750
02.03.2009,5840,5888,5840,5886
27.02.2009,5935,6010,5883,6010
26.02.2009,5914,5982,5914,5982
25.02.2009,5963,5963,5857,5857
24.02.2009,5878,5924,5871,5918
23.02.2009,6099,6099,6025,6025
20.02.2009,6071,6071,6029,6029
19.02.2009,6192,6192,6165,6165
18.02.2009,6122,6199,6122,6199
17.02.2009,6285,6285,6180,6180
16.02.2009,6405,6405,6365,6384
13.02.2009,6475,6475,6429,6460
12.02.2009,6405,6416,6405,6416
11.02.2009,6454,6469,6454,6469
10.02.2009,6451,6451,6425,6425
09.02.2009,6475,6489,6447,6489
06.02.2009,6394,6472,6394,6472
05.02.2009,6327,6365,6312,6365
04.02.2009,6391,6440,6370,6440
03.02.2009,6345,6389,6345,6389
02.02.2009,6358,6358,6318,6354
30.01.2009,6391,6457,6391,6457
29.01.2009,6390,6415,6390,6415
28.01.2009,6377,6419,6355,6419
27.01.2009,6313,6313,6313,6313
26.01.2009,6345,6368,6333,6368
23.01.2009,6226,6299,6226,6299
22.01.2009,6255,6278,6249,6278
21.01.2009,6211,6253,6202,6237
20.01.2009,6327,6329,6309,6309
19.01.2009,6459,6469,6350,6379
16.01.2009,6442,6474,6425,6474
15.01.2009,6270,6335,6250,6335
14.01.2009,6527,6527,6282,6282
13.01.2009,6488,6526,6442,6526
12.01.2009,6604,6604,6538,6538
09.01.2009,6617,6620,6585,6620
08.01.2009,6650,6650,6627,6637
07.01.2009,6693,6720,6649,6720
06.01.2009,6670,6748,6670,6720
05.01.2009,6529,6569,6529,6569
02.01.2009,6400,6441,6400,6441
31.12.2008,6371,6380,6341,6380
30.12.2008,6335,6360,6308,6360
29.12.2008,6320,6331,6280,6331
24.12.2008,6291,6291,6291,6291
23.12.2008,6268,6338,6256,6263
22.12.2008,6233,6255,6233,6255
19.12.2008,6297,6297,6212,6212
18.12.2008,6219,6299,6219,6299
17.12.2008,6139,6238,6139,6238
16.12.2008,6121,6175,6110,6160
15.12.2008,6155,6155,6130,6135
12.12.2008,6060,6110,6060,6098
11.12.2008,6216,6216,6175,6175
10.12.2008,6241,6241,6183,6192
09.12.2008,6222,6234,6222,6234
08.12.2008,6225,6225,6173,6173
05.12.2008,6085,6085,6006,6037
04.12.2008,6334,6334,6254,6254
03.12.2008,6250,6250,6250,6250
02.12.2008,6187,6187,6170,6170
01.12.2008,6221,6221,6221,6221
28.11.2008,6161,6295,6161,6295
27.11.2008,6263,6263,6249,6249
26.11.2008,6082,6163,6067,6153
25.11.2008,6150,6170,6120,6140
24.11.2008,6098,6127,6098,6127
21.11.2008,6074,6074,5833,5870
20.11.2008,6058,6058,5920,6050
19.11.2008,6376,6376,6275,6323
18.11.2008,6467,6508,6467,6508
17.11.2008,6500,6500,6500,6500
14.11.2008,6686,6686,6600,6600
13.11.2008,6565,6565,6537,6550
12.11.2008,6610,6610,6537,6537
11.11.2008,6609,6623,6609,6623
10.11.2008,6820,6820,6712,6712
07.11.2008,6690,6690,6690,6690
06.11.2008,6660,6690,6581,6581
05.11.2008,6859,6859,6859,6859
04.11.2008,6975,7000,6975,7000
03.11.2008,6558,6593,6517,6593
31.10.2008,6176,6401,6176,6401
30.10.2008,6294,6295,6294,6295
29.10.2008,6109,6269,6109,6269
28.10.2008,5926,5977,5840,5853
27.10.2008,5734,5842,5734,5842
24.10.2008,5888,6010,5888,6010
23.10.2008,6275,6369,6275,6369
22.10.2008,6670,6670,6411,6448
21.10.2008,6924,6939,6758,6758
20.10.2008,6822,6877,6822,6877
17.10.2008,6744,6744,6744,6744
16.10.2008,6800,6800,6685,6707
15.10.2008,7111,7111,7050,7067
14.10.2008,7408,7452,7166,7182
13.10.2008,6723,6980,6723,6980
10.10.2008,6339,6339,6290,6320
09.10.2008,6830,6830,6607,6730
08.10.2008,6670,6961,6520,6690
07.10.2008,7234,7268,6930,6930
06.10.2008,7440,7443,7029,7029
03.10.2008,7755,7800,7734,7745
02.10.2008,8061,8071,7910,7910
01.10.2008,8162,8162,8070,8070
30.09.2008,7714,8030,7680,8030
29.09.2008,8234,8234,7972,7974
26.09.2008,8243,8270,8226,8270
25.09.2008,8272,8305,8272,8297
24.09.2008,8292,8292,8232,8262
23.09.2008,8225,8290,8225,8290
22.09.2008,8430,8484,8374,8374
19.09.2008,8102,8317,8102,8317
18.09.2008,7885,7931,7709,7709
17.09.2008,8221,8221,7937,7964
16.09.2008,7933,8079,7933,8079
15.09.2008,8163,8163,8022,8089
12.09.2008,8316,8350,8278,8350
11.09.2008,8260,8260,8242,8250
10.09.2008,8403,8403,8250,8278
09.09.2008,8430,8430,8430,8430
08.09.2008,8565,8600,8560,8587
05.09.2008,8461,8461,8340,8360
04.09.2008,8733,8740,8588,8588
03.09.2008,8752,8758,8752,8758
02.09.2008,8714,8717,8690,8690
01.09.2008,8639,8639,8639,8639
29.08.2008,8575,8605,8575,8605
28.08.2008,8430,8575,8430,8575
27.08.2008,8435,8460,8435,8460
26.08.2008,8469,8499,8469,8499
25.08.2008,8478,8478,8478,8478
22.08.2008,8443,8520,8443,8520
21.08.2008,8380,8380,8380,8380
20.08.2008,8417,8417,8417,8417
19.08.2008,8420,8430,8380,8380
18.08.2008,8516,8572,8516,8572
15.08.2008,8640,8640,8605,8605
14.08.2008,8599,8599,8599,8599
13.08.2008,8551,8551,8551,8551
12.08.2008,8575,8675,8550,8638
11.08.2008,8435,8577,8435,8573
08.08.2008,8450,8465,8353,8409
07.08.2008,8299,8425,8299,8361
06.08.2008,8383,8383,8201,8201
05.08.2008,8319,8431,8319,8340
04.08.2008,8328,8328,8328,8328
01.08.2008,8440,8454,8430,8430
31.07.2008,8475,8532,8475,8532
30.07.2008,8483,8483,8483,8483
29.07.2008,8434,8470,8434,8468
28.07.2008,8586,8619,8511,8511
25.07.2008,8535,8700,8535,8650
24.07.2008,8757,8800,8743,8800
23.07.2008,8849,8909,8836,8890
22.07.2008,8759,8759,8591,8678
21.07.2008,8800,8917,8800,8917
18.07.2008,8489,8750,8420,8692
17.07.2008,8300,8540,8300,8460
16.07.2008,7948,8118,7948,8118
15.07.2008,8116,8141,7971,8031
14.07.2008,8520,8533,8353,8353
11.07.2008,8850,8850,8479,8498
10.07.2008,8780,8782,8703,8725
09.07.2008,8793,8910,8793,8893
08.07.2008,8683,8757,8683,8725
07.07.2008,8652,8800,8652,8742
04.07.2008,8694,8694,8500,8500
03.07.2008,8600,8838,8600,8790
02.07.2008,8700,8806,8700,8806
01.07.2008,8694,8736,8535,8560
30.06.2008,8935,8941,8864,8882
27.06.2008,9163,9163,9102,9108
26.06.2008,9535,9536,9310,9310
25.06.2008,9561,9642,9561,9591
24.06.2008,9500,9500,9340,9458
23.06.2008,9800,9800,9663,9663
20.06.2008,9765,9765,9562,9562
19.06.2008,9964,9978,9817,9817
18.06.2008,10173,10191,10059,10059
17.06.2008,10198,10234,10190,10201
16.06.2008,10142,10163,10142,10163
13.06.2008,10076,10166,10076,10160
12.06.2008,10116,10159,10116,10159
11.06.2008,10283,10283,10100,10100
10.06.2008,10110,10200,10110,10167
09.06.2008,10184,10220,10178,10178
06.06.2008,10477,10477,10282,10282
05.06.2008,10439,10442,10383,10383
04.06.2008,10408,10425,10376,10425
03.06.2008,10500,10550,10500,10550
02.06.2008,10509,10509,10509,10509
30.05.2008,10589,10638,10580,10638
29.05.2008,10567,10604,10562,10590
28.05.2008,10662,10709,10650,10709
27.05.2008,10780,10780,10680,10680
26.05.2008,10730,10763,10730,10763
23.05.2008,10813,10847,10813,10815
22.05.2008,10873,10875,10830,10830
21.05.2008,10873,10880,10863,10880
20.05.2008,10919,10940,10895,10895
19.05.2008,10971,10971,10971,10971
16.05.2008,11034,11063,10950,10950
15.05.2008,10972,10972,10936,10936
14.05.2008,11128,11128,11088,11090
13.05.2008,11102,11102,11102,11102
12.05.2008,11160,11160,11080,11080
09.05.2008,11183,11183,11156,11156
08.05.2008,11161,11165,11155,11165
07.05.2008,11148,11183,11148,11183
06.05.2008,10971,10971,10968,10968
05.05.2008,10952,10952,10934,10934
02.05.2008,10925,11005,10925,10980
30.04.2008,10837,10853,10803,10803
29.04.2008,10909,10909,10874,10874
28.04.2008,11053,11053,11011,11027
25.04.2008,11011,11019,10960,10960
24.04.2008,10827,10827,10827,10827
23.04.2008,10881,10944,10852,10940
22.04.2008,10980,11027,10980,10984
21.04.2008,10993,10993,10971,10971
18.04.2008,10880,10967,10880,10924
17.04.2008,10867,10877,10855,10862
16.04.2008,10829,10907,10829,10874
15.04.2008,10730,10790,10720,10790
14.04.2008,10778,10778,10690,10710
11.04.2008,10889,10898,10733,10733
10.04.2008,10727,10794,10636,10794
09.04.2008,10667,10756,10667,10719
08.04.2008,10695,10765,10626,10741
07.04.2008,10727,10735,10700,10700
04.04.2008,10556,10609,10538,10604
03.04.2008,10560,10642,10525,10642
02.04.2008,10520,10600,10520,10565
01.04.2008,10240,10435,10240,10425
31.03.2008,10246,10247,10237,10240
28.03.2008,10282,10282,10216,10216
27.03.2008,10176,10235,10141,10183
26.03.2008,10042,10170,10042,10170
25.03.2008,9977,10170,9977,10170
20.03.2008,10089,10089,10000,10058
19.03.2008,10059,10093,9984,10037
18.03.2008,9916,10060,9883,10037
17.03.2008,9893,9899,9804,9804
14.03.2008,10217,10329,10124,10163
13.03.2008,10423,10423,10196,10267
12.03.2008,10538,10617,10489,10500
11.03.2008,10460,10614,10453,10453
10.03.2008,10597,10659,10433,10488
07.03.2008,10657,10755,10650,10715
06.03.2008,10741,10909,10741,10775
05.03.2008,10676,10787,10676,10787
04.03.2008,10788,10792,10645,10645
03.03.2008,10866,10866,10790,10790
29.02.2008,10975,11026,10885,10951
28.02.2008,11128,11128,11128,11128
27.02.2008,11114,11174,11114,11136
26.02.2008,11123,11190,11080,11190
25.02.2008,11109,11109,11011,11011
22.02.2008,11133,11133,10966,10966
21.02.2008,11232,11232,11182,11211
20.02.2008,11185,11220,11143,11143
19.02.2008,11349,11370,11295,11295
18.02.2008,11375,11375,11310,11341
15.02.2008,11355,11355,11235,11299
14.02.2008,11379,11450,11358,11450
13.02.2008,11325,11379,11325,11379
12.02.2008,11143,11286,11090,11286
11.02.2008,11146,11195,11091,11100
08.02.2008,11264,11264,11211,11226
07.02.2008,11215,11215,11141,11165
06.02.2008,11005,11232,11005,11188
05.02.2008,11506,11507,11180,11180
04.02.2008,11495,11530,11488,11522
01.02.2008,11350,11423,11321,11400
31.01.2008,11323,11323,11190,11224
30.01.2008,11322,11340,11275,11302
29.01.2008,11228,11377,11228,11377
28.01.2008,10975,11068,10975,11068
25.01.2008,11213,11280,11145,11199
24.01.2008,11004,11048,10955,11035
23.01.2008,11225,11225,10721,10721
22.01.2008,10472,11150,10464,11150
21.01.2008,11401,11401,10888,10925
18.01.2008,11506,11693,11506,11570
17.01.2008,11770,11770,11585,11585
16.01.2008,11700,11700,11500,11621
15.01.2008,12200,12200,11960,11960
14.01.2008,12145,12256,12145,12252
11.01.2008,12270,12305,12105,12198
10.01.2008,12632,12632,12392,12420
09.01.2008,12540,12540,12466,12524
08.01.2008,12687,12755,12687,12755
07.01.2008,12750,12750,12595,12675
04.01.2008,12865,12910,12650,12750
03.01.2008,13025,13025,12850,12889
02.01.2008,13184,13210,13015,13021
31.12.2007,13100,13100,13064,13070
28.12.2007,13250,13253,13190,13190
27.12.2007,13357,13359,13235,13240
24.12.2007,13200,13317,13200,13317
21.12.2007,13038,13070,12989,13070
20.12.2007,12997,13027,12906,12948
19.12.2007,13158,13158,13017,13017
18.12.2007,13195,13195,13090,13090
17.12.2007,12972,13159,12972,13105
14.12.2007,13014,13057,12983,13057
13.12.2007,13020,13020,12835,12853
12.12.2007,13052,13142,13047,13070
11.12.2007,13071,13113,13071,13110
10.12.2007,13066,13066,13058,13058
07.12.2007,13149,13149,13132,13132
06.12.2007,13191,13191,13156,13156
05.12.2007,13172,13207,13142,13185
04.12.2007,13216,13216,13183,13183
03.12.2007,13221,13251,13210,13210
30.11.2007,13182,13192,13130,13130
29.11.2007,13163,13163,13044,13110
28.11.2007,12924,13108,12924,13105
27.11.2007,12854,12900,12840,12893
26.11.2007,13051,13051,12941,12959
23.11.2007,13016,13020,13010,13020
22.11.2007,12830,12914,12830,12880
21.11.2007,12750,12790,12740,12740
20.11.2007,12874,12915,12783,12915
19.11.2007,13063,13063,12933,12933
16.11.2007,13140,13170,13100,13100
15.11.2007,13175,13175,13130,13140
14.11.2007,13255,13255,13255,13255
13.11.2007,13197,13220,13161,13220
12.11.2007,13273,13355,13257,13330
09.11.2007,13283,13438,13213,13350
08.11.2007,12735,13100,12680,13091
07.11.2007,12960,13009,12884,12900
06.11.2007,12920,12985,12920,12985
05.11.2007,12829,12829,12762,12805
02.11.2007,12850,12850,12850,12850
01.11.2007,12988,13025,12917,12944
31.10.2007,13026,13055,13025,13055
30.10.2007,13109,13109,13020,13038
29.10.2007,12990,13032,12990,13032
26.10.2007,12900,13049,12900,12960
25.10.2007,12750,12835,12750,12770
24.10.2007,12700,12700,12664,12680
23.10.2007,12811,12827,12800,12800
22.10.2007,12685,12720,12657,12664
19.10.2007,12800,12824,12800,12824
18.10.2007,12893,12913,12800,12863
17.10.2007,12804,12835,12788,12832
16.10.2007,12693,12724,12634,12724
15.10.2007,12748,12815,12748,12815
12.10.2007,12882,12905,12864,12905
11.10.2007,12837,12884,12837,12884
10.10.2007,12840,12840,12777,12777
09.10.2007,12714,12778,12714,12778
08.10.2007,12739,12739,12725,12725
05.10.2007,12714,12765,12714,12763
04.10.2007,12659,12680,12653,12680
03.10.2007,12640,12690,12529,12690
02.10.2007,12455,12540,12445,12490
01.10.2007,12147,12246,12140,12225
28.09.2007,12060,12138,12060,12110
27.09.2007,12063,12088,11991,12088
26.09.2007,11882,11945,11847,11907
25.09.2007,12095,12095,11850,11860
21.09.2007,12139,12187,12139,12160
20.09.2007,12146,12146,12096,12116
19.09.2007,12290,12290,12175,12230
18.09.2007,11910,11949,11874,11911
17.09.2007,11909,11976,11870,11870
14.09.2007,12190,12190,12102,12125
13.09.2007,12232,12232,12160,12190
12.09.2007,12227,12300,12227,12300
11.09.2007,12200,12310,12200,12310
10.09.2007,12384,12416,12210,12210
07.09.2007,12603,12603,12422,12422
06.09.2007,12760,12760,12691,12750
05.09.2007,12784,12784,12737,12775
04.09.2007,12801,12873,12801,12857
03.09.2007,12804,12827,12804,12827
31.08.2007,12699,12760,12666,12760
30.08.2007,12695,12695,12546,12592
29.08.2007,12488,12600,12488,12600
28.08.2007,12680,12680,12627,12627
27.08.2007,12804,12804,12779,12779
24.08.2007,12757,12757,12741,12750
23.08.2007,12818,12818,12700,12720
22.08.2007,12602,12683,12602,12665
21.08.2007,12488,12563,12488,12510
20.08.2007,12586,12622,12557,12565
17.08.2007,12023,12429,12023,12380
16.08.2007,12533,12541,12195,12195
15.08.2007,12806,12840,12786,12786
14.08.2007,12867,12871,12850,12850
13.08.2007,13067,13067,13001,13001
10.08.2007,13141,13141,12974,12974
09.08.2007,13444,13444,13308,13320
08.08.2007,13320,13466,13320,13448
07.08.2007,13279,13279,13250,13250
06.08.2007,13195,13205,13190,13190
03.08.2007,13307,13330,13307,13330
02.08.2007,13348,13355,13327,13345
01.08.2007,13311,13324,13249,13250
31.07.2007,13516,13536,13516,13534
30.07.2007,13466,13466,13439,13439
27.07.2007,13356,13356,13325,13325
26.07.2007,13444,13444,13400,13420
25.07.2007,13484,13590,13484,13590
24.07.2007,13781,13781,13590,13590
23.07.2007,13754,13772,13754,13772
20.07.2007,13803,13803,13765,13765
19.07.2007,13811,13811,13760,13760
18.07.2007,13750,13781,13748,13748
17.07.2007,13780,13800,13780,13800
16.07.2007,13650,13745,13650,13745
13.07.2007,13672,13672,13617,13640
12.07.2007,13600,13600,13600,13600
11.07.2007,13548,13580,13548,13580
10.07.2007,13660,13660,13625,13625
09.07.2007,13695,13695,13663,13663
06.07.2007,13547,13629,13547,13601
05.07.2007,13560,13560,13541,13547
04.07.2007,13655,13655,13595,13595
03.07.2007,13519,13519,13519,13519
02.07.2007,13515,13525,13509,13518
29.06.2007,13501,13525,13496,13525
28.06.2007,13525,13525,13505,13505
27.06.2007,13574,13575,13388,13388
26.06.2007,13527,13560,13527,13560
25.06.2007,13443,13488,13443,13487
22.06.2007,13362,13410,13362,13410
21.06.2007,13465,13469,13409,13409
20.06.2007,13474,13500,13474,13500
19.06.2007,13300,13365,13300,13320
15.06.2007,13126,13223,13126,13165
14.06.2007,13032,13066,13029,13066
13.06.2007,12836,12900,12830,12900
12.06.2007,12870,12885,12856,12884
11.06.2007,12790,12820,12776,12800
08.06.2007,12692,12692,12630,12690
07.06.2007,12887,12887,12675,12675
06.06.2007,12883,12935,12785,12785
05.06.2007,12988,12988,12930,12930
04.06.2007,13110,13110,13040,13065
01.06.2007,13150,13161,13130,13144
31.05.2007,13125,13230,13100,13230
30.05.2007,12969,13000,12969,13000
29.05.2007,13013,13050,13013,13030
28.05.2007,12774,12990,12774,12980
25.05.2007,12834,12895,12832,12855
24.05.2007,12770,12875,12770,12875
23.05.2007,12800,12800,12799,12800
22.05.2007,12630,12671,12630,12670
21.05.2007,12520,12550,12520,12540
18.05.2007,12484,12484,12465,12480
17.05.2007,12365,12365,12365,12365
16.05.2007,12300,12300,12300,12300
15.05.2007,12206,12285,12206,12285
14.05.2007,12142,12239,12142,12239
11.05.2007,12151,12151,12002,12095
10.05.2007,12175,12175,12175,12175
09.05.2007,12225,12225,12225,12225
08.05.2007,12215,12215,12215,12215
07.05.2007,12219,12239,12219,12239
04.05.2007,12160,12175,12160,12175
03.05.2007,12215,12215,12165,12165
02.05.2007,12142,12142,12142,12142
30.04.2007,12123,12135,12123,12135
27.04.2007,12060,12100,12060,12100
26.04.2007,12000,12050,12000,12050
25.04.2007,11994,12030,11994,12030
24.04.2007,11882,11882,11876,11876
23.04.2007,11930,11949,11930,11939
20.04.2007,11930,11965,11930,11965
19.04.2007,11860,11860,11860,11860
18.04.2007,11810,11840,11810,11840
17.04.2007,11830,11855,11830,11855
16.04.2007,11747,11830,11747,11826
13.04.2007,11675,11675,11675,11675
12.04.2007,11591,11620,11591,11620
11.04.2007,11710,11730,11675,11675
10.04.2007,11711,11711,11683,11683
05.04.2007,11635,11664,11635,11664
04.04.2007,11625,11625,11624,11624
03.04.2007,11555,11620,11555,11604
02.04.2007,11480,11497,11480,11490
30.03.2007,11470,11470,11418,11418
29.03.2007,11440,11440,11440,11440
28.03.2007,11387,11420,11359,11420
27.03.2007,11520,11587,11520,11587
26.03.2007,11623,11625,11587,11587
23.03.2007,11550,11550,11550,11550
22.03.2007,11450,11482,11415,11456
21.03.2007,11335,11335,11335,11335
20.03.2007,11299,11299,11299,11299
19.03.2007,11168,11259,11168,11259
16.03.2007,11434,11434,11377,11377
15.03.2007,11486,11520,11465,11475
14.03.2007,11446,11446,11351,11351
13.03.2007,11639,11639,11611,11621
12.03.2007,11645,11696,11645,11658
09.03.2007,11625,11625,11599,11615
08.03.2007,11605,11605,11600,11600
07.03.2007,11500,11510,11500,11510
06.03.2007,11510,11567,11477,11567
05.03.2007,11345,11453,11285,11453
02.03.2007,11574,11585,11534,11585
01.03.2007,11788,11788,11700,11700
28.02.2007,11770,11845,11710,11710
27.02.2007,11985,11985,11823,11855
26.02.2007,12043,12065,12040,12065
23.02.2007,12085,12085,12085,12085
22.02.2007,12154,12224,12154,12190
21.02.2007,12180,12180,12129,12129
20.02.2007,12220,12240,12220,12240
19.02.2007,12143,12251,12118,12250
16.02.2007,12089,12158,12001,12158
15.02.2007,11910,11940,11910,11937
14.02.2007,11855,11890,11855,11890
13.02.2007,11862,11862,11843,11858
12.02.2007,11920,11920,11873,11873
09.02.2007,11940,11949,11920,11925
08.02.2007,11840,11840,11840,11840
07.02.2007,11755,11832,11755,11832
06.02.2007,11740,11745,11740,11745
05.02.2007,11700,11700,11700,11700
02.02.2007,11660,11695,11655,11655
01.02.2007,11660,11677,11660,11665
31.01.2007,11700,11700,11612,11612
30.01.2007,11624,11665,11624,11665
29.01.2007,11598,11624,11598,11624
26.01.2007,11535,11584,11535,11584
25.01.2007,11582,11582,11582,11582
24.01.2007,11600,11600,11570,11570
23.01.2007,11540,11540,11540,11540
22.01.2007,11575,11575,11545,11545
19.01.2007,11625,11625,11609,11609
18.01.2007,11599,11680,11599,11680
17.01.2007,11660,11687,11660,11676
16.01.2007,11564,11620,11564,11620
15.01.2007,11625,11625,11565,11602
12.01.2007,11546,11595,11546,11595
11.01.2007,11503,11531,11503,11520
10.01.2007,11380,11425,11380,11425
09.01.2007,11431,11465,11431,11434
08.01.2007,11365,11375,11365,11375
05.01.2007,11302,11340,11300,11300
04.01.2007,11323,11323,11286,11294
03.01.2007,11280,11300,11280,11293
02.01.2007,11331,11331,11275,11275
29.12.2006,11218,11246,11218,11240
28.12.2006,11210,11220,11140,11140
27.12.2006,11175,11177,11175,11177
22.12.2006,11194,11194,11194,11194
21.12.2006,11235,11235,11219,11219
20.12.2006,11247,11247,11190,11190
19.12.2006,11170,11181,11170,11181
18.12.2006,11252,11252,11220,11220
15.12.2006,10985,11103,10985,11103
14.12.2006,10931,10966,10915,10966
13.12.2006,10839,10910,10839,10910
12.12.2006,10818,10845,10815,10839
11.12.2006,10803,10829,10803,10829
08.12.2006,10775,10775,10775,10775
07.12.2006,10795,10795,10795,10795
06.12.2006,10789,10789,10789,10789
05.12.2006,10671,10700,10669,10700
04.12.2006,10650,10650,10650,10650
01.12.2006,10625,10625,10625,10625
30.11.2006,10650,10673,10650,10673
29.11.2006,10630,10640,10620,10635
28.11.2006,10633,10633,10585,10585
27.11.2006,10627,10630,10627,10630
24.11.2006,10648,10648,10648,10648
23.11.2006,10617,10617,10617,10617
22.11.2006,10613,10613,10613,10613
21.11.2006,10630,10630,10630,10630
20.11.2006,10610,10610,10610,10610
17.11.2006,10625,10625,10617,10617
16.11.2006,10625,10653,10625,10653
15.11.2006,10645,10660,10630,10630
14.11.2006,10612,10612,10612,10612
13.11.2006,10633,10633,10633,10633
10.11.2006,10602,10602,10602,10602
09.11.2006,10623,10623,10623,10623
08.11.2006,10600,10603,10600,10603
07.11.2006,10591,10595,10591,10595
06.11.2006,10560,10600,10560,10600
03.11.2006,10490,10490,10490,10490
02.11.2006,10465,10492,10465,10492
01.11.2006,10515,10515,10515,10515
31.10.2006,10560,10560,10530,10538
30.10.2006,10570,10591,10545,10545
27.10.2006,10571,10580,10538,10554
26.10.2006,10615,10615,10590,10590
25.10.2006,10495,10592,10495,10592
24.10.2006,10485,10485,10485,10485
23.10.2006,10470,10511,10470,10511
20.10.2006,10475,10475,10463,10463
19.10.2006,10475,10475,10475,10475
18.10.2006,10443,10460,10431,10459
17.10.2006,10425,10425,10425,10425
16.10.2006,10429,10429,10429,10429
13.10.2006,10465,10465,10456,10456
12.10.2006,10465,10465,10451,10451
11.10.2006,10440,10445,10418,10440
10.10.2006,10449,10460,10420,10428
09.10.2006,10403,10415,10403,10412
06.10.2006,10439,10450,10412,10412
05.10.2006,10396,10396,10396,10396
04.10.2006,10380,10425,10380,10396
03.10.2006,10355,10355,10355,10355
02.10.2006,10389,10409,10368,10409
29.09.2006,10325,10340,10300,10300
28.09.2006,10295,10300,10278,10278
27.09.2006,10290,10290,10240,10260
26.09.2006,10130,10130,10130,10130
25.09.2006,10122,10122,10122,10122
22.09.2006,10093,10093,10093,10093
21.09.2006,10115,10115,10115,10115
20.09.2006,10095,10095,10070,10070
19.09.2006,10090,10090,10060,10079
18.09.2006,10024,10024,10024,10024
15.09.2006,9990,10033,9990,10033
14.09.2006,10030,10030,9957,9990
13.09.2006,9990,9993,9965,9985
12.09.2006,9955,9960,9943,9950
11.09.2006,9948,9948,9935,9935
08.09.2006,9997,9997,9997,9997
07.09.2006,9936,9936,9936,9936
06.09.2006,9957,9992,9957,9992
05.09.2006,10015,10015,10010,10010
04.09.2006,10000,10025,10000,10025
01.09.2006,9991,9995,9991,9995
31.08.2006,9960,9960,9960,9960
30.08.2006,9978,9978,9978,9978
29.08.2006,9943,9978,9943,9978
28.08.2006,9940,9975,9940,9975
25.08.2006,9894,9896,9894,9896
24.08.2006,9925,9925,9917,9918
23.08.2006,9891,9891,9891,9891
22.08.2006,9927,9927,9927,9927
21.08.2006,9900,9900,9886,9886
18.08.2006,9898,9898,9898,9898
17.08.2006,9883,9883,9883,9883
16.08.2006,9877,9887,9877,9887
15.08.2006,9835,9835,9829,9829
14.08.2006,9811,9846,9802,9826
11.08.2006,9788,9788,9788,9788
10.08.2006,9795,9795,9795,9795
09.08.2006,9788,9851,9776,9851
08.08.2006,9808,9808,9808,9808
07.08.2006,9774,9774,9774,9774
04.08.2006,9820,9820,9788,9788
03.08.2006,9727,9738,9722,9738
02.08.2006,9704,9704,9704,9704
01.08.2006,9700,9700,9679,9679
31.07.2006,9675,9675,9669,9669
28.07.2006,9701,9701,9701,9701
27.07.2006,9650,9661,9638,9658
26.07.2006,9590,9590,9590,9590
25.07.2006,9547,9575,9545,9545
24.07.2006,9484,9484,9484,9484
21.07.2006,9429,9429,9429,9429
20.07.2006,9464,9464,9464,9464
19.07.2006,9490,9490,9490,9490
18.07.2006,9400,9400,9395,9395
17.07.2006,9430,9430,9380,9415
14.07.2006,9445,9445,9430,9430
13.07.2006,9508,9508,9508,9508
12.07.2006,9490,9490,9490,9490
11.07.2006,9550,9550,9550,9550
10.07.2006,9583,9583,9583,9583
07.07.2006,9525,9560,9525,9560
06.07.2006,9540,9552,9540,9552
05.07.2006,9500,9500,9500,9500
04.07.2006,9535,9555,9535,9555
03.07.2006,9580,9580,9580,9580
30.06.2006,9503,9582,9503,9550
29.06.2006,9490,9490,9490,9490
28.06.2006,9450,9481,9445,9481
27.06.2006,9511,9511,9489,9489
26.06.2006,9440,9491,9440,9491
23.06.2006,9490,9490,9490,9490
22.06.2006,9512,9516,9480,9480
21.06.2006,9410,9410,9410,9410
20.06.2006,9380,9380,9337,9350
19.06.2006,9362,9385,9362,9385
16.06.2006,9354,9354,9254,9295
15.06.2006,9252,9300,9249,9300
14.06.2006,9238,9254,9177,9185
13.06.2006,9300,9300,9254,9259
12.06.2006,9460,9460,9441,9441
09.06.2006,9519,9519,9500,9510
08.06.2006,9505,9505,9445,9445
07.06.2006,9540,9597,9540,9594
06.06.2006,9475,9475,9475,9475
05.06.2006,9506,9527,9506,9527
02.06.2006,9532,9532,9532,9532
01.06.2006,9365,9400,9365,9400
31.05.2006,9414,9435,9406,9406
30.05.2006,9517,9517,9415,9415
29.05.2006,9542,9551,9520,9520
26.05.2006,9495,9500,9481,9498
25.05.2006,9411,9411,9411,9411
24.05.2006,9343,9382,9343,9382
23.05.2006,9380,9445,9379,9379
22.05.2006,9350,9350,9320,9320
19.05.2006,9490,9490,9360,9420
18.05.2006,9525,9580,9487,9487
17.05.2006,9696,9707,9545,9545
16.05.2006,9702,9725,9702,9720
15.05.2006,9730,9730,9720,9720
12.05.2006,9893,9893,9800,9800
11.05.2006,9930,9930,9870,9870
10.05.2006,9930,9930,9898,9898
09.05.2006,9930,9930,9901,9905
08.05.2006,9980,9980,9950,9950
05.05.2006,9950,9950,9950,9950
04.05.2006,9950,9973,9950,9955
03.05.2006,9950,9950,9923,9923
02.05.2006,9934,9939,9934,9939
28.04.2006,9967,9967,9948,9948
27.04.2006,10008,10008,9971,9977
26.04.2006,10035,10049,10035,10049
25.04.2006,10081,10081,10040,10040
24.04.2006,10066,10066,10066,10066
21.04.2006,10064,10064,10064,10064
20.04.2006,10100,10100,10100,10100
19.04.2006,10125,10125,10125,10125
18.04.2006,10060,10060,10060,10060
13.04.2006,10074,10074,10074,10074
12.04.2006,10067,10067,10067,10067
11.04.2006,10095,10095,10095,10095
10.04.2006,10125,10125,10125,10125
07.04.2006,10150,10160,10130,10150
06.04.2006,10086,10086,10086,10086
05.04.2006,10116,10116,10116,10116
04.04.2006,10062,10062,10062,10062
03.04.2006,10092,10092,10092,10092
31.03.2006,10077,10077,10077,10077
30.03.2006,10140,10140,10110,10110
29.03.2006,10020,10020,10020,10020
28.03.2006,9900,9930,9900,9930
27.03.2006,9970,10002,9970,10002
24.03.2006,9942,9942,9942,9942
23.03.2006,9935,9940,9920,9920
22.03.2006,9910,9917,9890,9917
21.03.2006,9900,9945,9890,9945
20.03.2006,9870,9870,9870,9870
17.03.2006,10063,10063,10063,10063
16.03.2006,10134,10134,10070,10070
15.03.2006,10080,10134,9994,10134
14.03.2006,9810,9900,9803,9900
13.03.2006,9866,9866,9866,9866
10.03.2006,9670,9670,9670,9670
09.03.2006,9610,9610,9610,9610
08.03.2006,9615,9615,9595,9595
07.03.2006,9565,9565,9565,9565
06.03.2006,9630,9630,9630,9630
03.03.2006,9502,9502,9502,9502
02.03.2006,9512,9512,9512,9512
01.03.2006,9520,9520,9520,9520
28.02.2006,9494,9494,9494,9494
27.02.2006,9592,9592,9592,9592
24.02.2006,9568,9568,9568,9568
23.02.2006,9528,9528,9528,9528
22.02.2006,9490,9525,9490,9525
21.02.2006,9481,9481,9481,9481
20.02.2006,9420,9420,9420,9420
17.02.2006,9460,9460,9445,9445
16.02.2006,9430,9430,9430,9430
15.02.2006,"9,4","9,4","9,38","9,4"
14.02.2006,9358,9358,9358,9358
13.02.2006,9305,9315,9305,9315
10.02.2006,9260,9260,9260,9260
09.02.2006,9268,9268,9268,9268
08.02.2006,9265,9280,9250,9250
07.02.2006,9230,9245,9224,9230
06.02.2006,8863,8873,8863,8873
03.02.2006,8825,8825,8825,8825
02.02.2006,8941,8947,8820,8820
01.02.2006,8833,8876,8810,8876
31.01.2006,8763,8776,8750,8770
30.01.2006,8793,8793,8793,8793
27.01.2006,8833,8833,8805,8805
26.01.2006,8816,8816,8815,8815
25.01.2006,8821,8824,8796,8796
24.01.2006,8777,8787,8770,8770
23.01.2006,8789,8810,8789,8789
20.01.2006,8827,8835,8819,8824
19.01.2006,8855,8855,8837,8837
18.01.2006,8828,8851,8828,8851
17.01.2006,8920,8920,8900,8910
16.01.2006,8936,8940,8936,8940
13.01.2006,8935,8956,8929,8935
12.01.2006,8993,8993,8953,8953
11.01.2006,8970,9016,8970,9016
10.01.2006,8914,8914,8871,8871
09.01.2006,8895,8933,8895,8933
06.01.2006,8740,8786,8735,8786
05.01.2006,8755,8755,8745,8755
04.01.2006,8759,8773,8729,8770
03.01.2006,8670,8730,8670,8725
02.01.2006,8660,8660,8602,8650
30.12.2005,8640,8725,8624,8705
29.12.2005,8615,8650,8611,8630
28.12.2005,8645,8645,8628,8628
27.12.2005,8628,8628,8628,8628
23.12.2005,8562,8651,8558,8651
22.12.2005,8554,8560,8538,8553
21.12.2005,8426,8500,8426,8490
20.12.2005,8310,8323,8308,8312
19.12.2005,8348,8350,8325,8350
16.12.2005,8290,8314,8269,8314
15.12.2005,8254,8275,8231,8275
14.12.2005,8231,8250,8219,8250
13.12.2005,8237,8245,8226,8234
12.12.2005,8261,8262,8250,8250
09.12.2005,8237,8252,8237,8252
08.12.2005,8239,8239,8239,8239
07.12.2005,8265,8277,8265,8277
06.12.2005,8189,8219,8189,8219
05.12.2005,8176,8176,8164,8164
02.12.2005,8165,8165,8150,8150
01.12.2005,8150,8150,8150,8150
30.11.2005,8163,8173,8120,8155
29.11.2005,8157,8160,8150,8160
28.11.2005,8141,8158,8140,8158
25.11.2005,8145,8157,8145,8157
24.11.2005,8105,8106,8105,8106
23.11.2005,8063,8063,8063,8063
22.11.2005,8053,8053,8043,8043
21.11.2005,8057,8067,8050,8050
18.11.2005,8058,8058,8025,8040
17.11.2005,8057,8057,8030,8030
16.11.2005,8015,8020,8015,8020
15.11.2005,8012,8012,8012,8012
14.11.2005,8029,8029,8025,8025
11.11.2005,8006,8020,8006,8010
10.11.2005,8022,8027,7980,7980
09.11.2005,7960,8000,7960,7992
08.11.2005,7928,7945,7928,7942
07.11.2005,7899,7918,7899,7918
04.11.2005,7869,7869,7869,7869
03.11.2005,7881,7881,7873,7874
02.11.2005,7886,7894,7875,7894
01.11.2005,7868,7885,7868,7883
31.10.2005,7795,7840,7795,7830
28.10.2005,7775,7775,7775,7775
27.10.2005,7842,7842,7764,7795
26.10.2005,7964,7974,7925,7930
25.10.2005,7966,7980,7947,7980
24.10.2005,7925,7952,7925,7952
21.10.2005,7897,7910,7867,7875
20.10.2005,7937,7937,7911,7911
19.10.2005,7987,7987,7910,7913
18.10.2005,8018,8018,8000,8000
17.10.2005,8055,8055,8055,8055
14.10.2005,8001,8039,7999,8039
13.10.2005,8067,8067,8009,8010
12.10.2005,8085,8090,8080,8090
11.10.2005,8110,8121,8103,8111
10.10.2005,8093,8110,8085,8110
07.10.2005,8140,8140,8090,8095
06.10.2005,8100,8124,8096,8124
05.10.2005,8049,8135,8049,8135
04.10.2005,8057,8065,8057,8063
03.10.2005,8064,8070,8064,8065
30.09.2005,8057,8060,8056,8060
29.09.2005,8070,8072,8056,8072
28.09.2005,8035,8057,8035,8045
27.09.2005,8015,8022,8015,8022
26.09.2005,7960,8010,7956,8010
23.09.2005,7936,7944,7930,7944
22.09.2005,7929,7929,7915,7915
21.09.2005,7941,7964,7934,7950
20.09.2005,7902,7954,7901,7954
19.09.2005,7897,7909,7897,7909
16.09.2005,7926,7926,7910,7915
15.09.2005,7907,7922,7907,7915
14.09.2005,7891,7891,7864,7878
13.09.2005,7862,7874,7861,7874
12.09.2005,7870,7870,7870,7870
09.09.2005,7934,7934,7934,7934
08.09.2005,7925,7925,7925,7925
07.09.2005,7922,7922,7922,7922
06.09.2005,7920,7920,7880,7905
05.09.2005,7880,7880,7880,7880
02.09.2005,7833,7833,7833,7833
01.09.2005,7830,7830,7830,7830
31.08.2005,7794,7820,7794,7820
30.08.2005,7742,7748,7731,7740
29.08.2005,7690,7690,7690,7690
26.08.2005,7697,7697,7697,7697
25.08.2005,7696,7702,7696,7702
24.08.2005,7750,7750,7750,7750
23.08.2005,7826,7828,7790,7790
22.08.2005,7784,7784,7784,7784
19.08.2005,7765,7765,7765,7765
18.08.2005,7713,7713,7713,7713
17.08.2005,7755,7755,7755,7755
16.08.2005,7775,7775,7746,7759
15.08.2005,7750,7750,7750,7750
12.08.2005,7750,7763,7738,7738
11.08.2005,7710,7715,7710,7715
10.08.2005,7701,7710,7701,7710
09.08.2005,7701,7701,7696,7696
08.08.2005,7718,7718,7718,7718
05.08.2005,7725,7757,7725,7725
04.08.2005,7715,7715,7694,7694
03.08.2005,7650,7703,7650,7700
02.08.2005,7636,7636,7628,7628
01.08.2005,7607,7607,7607,7607
29.07.2005,7619,7619,7619,7619
28.07.2005,7612,7618,7612,7618
27.07.2005,7580,7580,7580,7580
26.07.2005,7500,7543,7500,7520
25.07.2005,7482,7482,7482,7482
22.07.2005,7525,7525,7482,7482
21.07.2005,7530,7530,7490,7490
20.07.2005,7515,7519,7495,7519
19.07.2005,7505,7515,7505,7515
18.07.2005,7483,7523,7481,7481
15.07.2005,7463,7478,7463,7478
14.07.2005,7482,7482,7482,7482
13.07.2005,7495,7495,7472,7472
12.07.2005,7509,7509,7458,7465
11.07.2005,7502,7502,7485,7485
08.07.2005,7470,7489,7470,7470
07.07.2005,7510,7510,7401,7460
06.07.2005,7537,7550,7531,7545
05.07.2005,7539,7542,7518,7539
04.07.2005,7553,7572,7552,7572
01.07.2005,7590,7590,7590,7590
30.06.2005,7500,7535,7500,7535
29.06.2005,7485,7507,7483,7483
28.06.2005,7450,7455,7435,7436
27.06.2005,7502,7540,7462,7470
24.06.2005,7508,7530,7507,7519
23.06.2005,7529,7536,7500,7500
22.06.2005,7542,7543,7542,7543
21.06.2005,7534,7534,7529,7529
20.06.2005,7497,7525,7497,7523
17.06.2005,7469,7518,7459,7518
16.06.2005,7495,7495,7474,7474
15.06.2005,7498,7510,7493,7494
14.06.2005,7494,7499,7479,7479
13.06.2005,7515,7517,7494,7494
10.06.2005,7451,7451,7451,7451
09.06.2005,7432,7432,7426,7426
08.06.2005,7455,7455,7396,7400
07.06.2005,7545,7545,7470,7478
06.06.2005,7500,7530,7490,7490
03.06.2005,7523,7523,7523,7523
02.06.2005,7531,7531,7495,7517
01.06.2005,7596,7619,7592,7619
31.05.2005,7535,7541,7535,7541
30.05.2005,7598,7598,7598,7598
27.05.2005,7627,7627,7590,7610
26.05.2005,7620,7620,7620,7620
25.05.2005,7715,7715,7637,7637
24.05.2005,7725,7729,7720,7729
23.05.2005,7689,7733,7689,7725
20.05.2005,7612,7689,7612,7689
19.05.2005,7620,7620,7615,7615
18.05.2005,7615,7615,7602,7608
17.05.2005,7580,7580,7579,7579
16.05.2005,7585,7585,7585,7585
13.05.2005,7547,7577,7547,7577
12.05.2005,7536,7567,7536,7560
11.05.2005,7483,7520,7483,7520
10.05.2005,7509,7509,7496,7496
09.05.2005,7561,7561,7540,7540
06.05.2005,7605,7618,7602,7618
05.05.2005,7600,7600,7584,7584
04.05.2005,7610,7625,7567,7625
03.05.2005,7586,7594,7576,7594
02.05.2005,7583,7583,7570,7570
29.04.2005,7558,7558,7530,7530
28.04.2005,7502,7502,7470,7491
27.04.2005,7603,7603,7544,7544
26.04.2005,7654,7663,7652,7663
25.04.2005,7646,7657,7646,7657
22.04.2005,7656,7670,7656,7670
21.04.2005,7643,7643,7619,7625
20.04.2005,7623,7650,7623,7650
19.04.2005,7597,7621,7571,7571
18.04.2005,7557,7565,7543,7543
15.04.2005,7675,7685,7633,7641
14.04.2005,7699,7740,7693,7740
13.04.2005,7698,7725,7686,7725
12.04.2005,7600,7661,7600,7645
11.04.2005,7612,7612,7580,7580
08.04.2005,7605,7631,7605,7631
07.04.2005,7600,7600,7588,7591
06.04.2005,7612,7612,7612,7612
05.04.2005,7613,7620,7600,7620
04.04.2005,7577,7577,7577,7577
01.04.2005,7798,7798,7798,7798
31.03.2005,7626,7817,7607,7624
30.03.2005,7605,7605,7600,7600
29.03.2005,7597,7622,7597,7622
24.03.2005,7608,7619,7608,7619
23.03.2005,7542,7560,7542,7560
22.03.2005,7579,7579,7564,7564
21.03.2005,7600,7600,7570,7570
18.03.2005,7591,7610,7585,7599
17.03.2005,7558,7580,7558,7564
16.03.2005,7831,7831,7776,7791
15.03.2005,7862,7862,7836,7850
14.03.2005,7860,7864,7860,7864
11.03.2005,7880,7880,7879,7879
10.03.2005,7862,7862,7862,7862
09.03.2005,7912,7922,7910,7922
08.03.2005,7935,7942,7922,7922
07.03.2005,7935,7935,7935,7935
04.03.2005,7906,7922,7900,7900
03.03.2005,7885,7904,7878,7878
02.03.2005,7901,7901,7869,7882
01.03.2005,7906,7954,7890,7937
28.02.2005,7894,7894,7880,7884
25.02.2005,7905,7905,7905,7905
24.02.2005,7862,7870,7860,7870
23.02.2005,7870,7870,7869,7869
22.02.2005,7885,7911,7885,7911
21.02.2005,8020,8020,7946,7946
18.02.2005,8048,8065,8025,8050
17.02.2005,8063,8070,8032,8032
16.02.2005,8075,8088,8070,8070
15.02.2005,8072,8080,8072,8072
14.02.2005,8059,8071,8059,8071
11.02.2005,8050,8085,8050,8072
10.02.2005,8080,8080,8065,8065
09.02.2005,8100,8112,8074,8074
08.02.2005,8076,8107,8076,8107
07.02.2005,8075,8075,8072,8075
04.02.2005,8053,8053,8047,8047
03.02.2005,8035,8060,8035,8035
02.02.2005,8045,8064,8045,8055
01.02.2005,8072,8111,8056,8092
31.01.2005,7995,8051,7995,8028
28.01.2005,7947,7969,7946,7946
27.01.2005,7900,7900,7890,7900
26.01.2005,7839,7917,7828,7917
25.01.2005,7882,7888,7843,7862
24.01.2005,7855,7878,7855,7865
21.01.2005,7838,7871,7838,7871
20.01.2005,7821,7835,7821,7829
